episode,reward,steps,success,total_steps
0,-0.985,6,0,6
1,-0.9790000000000001,60,0,66
2,-1.004,65,0,131
3,-0.9359999999999999,17,0,148
4,-0.909,50,0,198
5,-0.869,30,0,228
6,-0.889,50,0,278
7,-0.984,5,0,283
8,-0.9390000000000001,60,0,343
9,-0.987,8,0,351
10,-0.9470000000000001,28,0,379
11,-0.9990000000000001,100,0,479
12,-0.9490000000000001,10,0,489
13,-1.065,66,0,555
14,-0.97,11,0,566
15,-0.999,60,0,626
16,-0.9490000000000001,30,0,656
17,-1.0290000000000001,70,0,726
18,-0.9,81,0,807
19,-0.9390000000000001,60,0,867
20,-0.986,7,0,874
21,-0.984,5,0,879
22,-0.952,13,0,892
23,-0.982,3,0,895
24,-1.016,77,0,972
25,-0.886,47,0,1019
26,-0.917,18,0,1037
27,-1.084,145,0,1182
28,-0.982,3,0,1185
29,-0.999,60,0,1245
30,-0.9580000000000001,39,0,1284
31,-0.973,14,0,1298
32,-0.9390000000000001,20,0,1318
33,-0.982,3,0,1321
34,-0.9390000000000001,120,0,1441
35,-0.9590000000000001,120,0,1561
36,-0.9560000000000001,37,0,1598
37,-0.919,40,0,1638
38,-0.975,16,0,1654
39,-0.9420000000000001,23,0,1677
40,-0.9490000000000001,70,0,1747
41,-0.949,10,0,1757
42,-0.982,3,0,1760
43,-0.929,70,0,1830
44,-1.002,83,0,1913
45,-0.9490000000000001,110,0,2023
46,-1.0090000000000001,70,0,2093
47,-1.052,73,0,2166
48,-0.909,50,0,2216
49,-0.9490000000000001,70,0,2286
50,-0.9990000000000001,80,0,2366
51,-0.987,8,0,2374
52,-0.95,11,0,2385
53,-0.9440000000000001,25,0,2410
54,-0.936,37,0,2447
55,-0.947,8,0,2455
56,-0.9440000000000001,45,0,2500
57,-0.92,61,0,2561
58,-0.999,60,0,2621
59,-0.849,50,0,2671
60,-1.039,60,0,2731
61,-0.982,3,0,2734
62,-1.0250000000000001,66,0,2800
63,-0.966,27,0,2827
64,-0.977,18,0,2845
65,-0.947,8,0,2853
66,-0.954,35,0,2888
67,-1.032,153,0,3041
68,-0.911,12,0,3053
69,-0.983,64,0,3117
70,-0.9480000000000001,89,0,3206
71,-1.0390000000000001,60,0,3266
72,-0.983,4,0,3270
73,-0.982,3,0,3273
74,-0.988,9,0,3282
75,-0.973,14,0,3296
76,-1.0290000000000001,70,0,3366
77,-0.9390000000000001,60,0,3426
78,-0.962,23,0,3449
79,-1.04,81,0,3530
80,-0.979,60,0,3590
81,-0.999,60,0,3650
82,-1.0090000000000001,70,0,3720
83,-0.9380000000000001,59,0,3779
84,-0.975,16,0,3795
85,-0.9410000000000001,62,0,3857
86,-0.984,5,0,3862
87,-0.986,7,0,3869
88,-0.9490000000000001,10,0,3879
89,-0.9790000000000001,100,0,3979
90,-0.964,5,0,3984
91,-0.929,30,0,4014
92,-0.97,11,0,4025
93,-0.9810000000000001,102,0,4127
94,-0.9600000000000001,101,0,4228
95,-0.974,15,0,4243
96,-0.977,18,0,4261
97,-1.1280000000000001,149,0,4410
98,-0.984,5,0,4415
99,-0.9410000000000001,42,0,4457
100,-0.982,3,0,4460
101,-1.0090000000000001,90,0,4550
102,-0.908,29,0,4579
103,-0.984,5,0,4584
104,-1.038,99,0,4683
105,-1.082,163,0,4846
106,-0.929,70,0,4916
107,-0.9590000000000001,80,0,4996
108,-0.859,40,0,5036
109,-0.976,17,0,5053
110,-0.977,18,0,5071
111,-1.0390000000000001,60,0,5131
112,-0.987,8,0,5139
113,-0.895,36,0,5175
114,-0.919,40,0,5215
115,-0.9390000000000001,60,0,5275
116,-0.9390000000000001,60,0,5335
117,-0.959,20,0,5355
118,-0.879,40,0,5395
119,-0.9480000000000001,49,0,5444
120,-0.97,11,0,5455
121,-0.9490000000000001,10,0,5465
122,-0.9390000000000001,80,0,5545
123,-0.999,60,0,5605
124,-1.0390000000000001,60,0,5665
125,-0.9480000000000001,49,0,5714
126,-0.985,6,0,5720
127,-0.899,40,0,5760
128,-0.919,20,0,5780
129,-0.899,120,0,5900
130,-0.979,60,0,5960
131,-0.93,31,0,5991
132,-0.966,27,0,6018
133,-0.909,90,0,6108
134,-0.9390000000000001,20,0,6128
135,-0.983,4,0,6132
136,-1.0390000000000001,60,0,6192
137,-0.909,30,0,6222
138,-0.9590000000000001,60,0,6282
139,-0.884,25,0,6307
140,-0.964,25,0,6332
141,-0.9450000000000001,6,0,6338
142,-0.999,80,0,6418
143,-0.908,49,0,6467
144,-0.9390000000000001,60,0,6527
145,-1.064,65,0,6592
146,-0.922,23,0,6615
147,-0.9760000000000001,117,0,6732
148,-0.849,10,0,6742
149,-0.8560000000000001,57,0,6799
150,-0.982,3,0,6802
151,-0.9990000000000001,140,0,6942
152,-0.986,7,0,6949
153,-1.064,65,0,7014
154,-0.909,90,0,7104
155,-0.899,120,0,7224
156,-0.984,5,0,7229
157,-0.985,6,0,7235
158,-1.0290000000000001,70,0,7305
159,-0.9490000000000001,10,0,7315
160,-0.975,16,0,7331
161,-0.9840000000000001,65,0,7396
162,-0.889,110,0,7506
163,-1.008,69,0,7575
164,-1.0690000000000002,230,0,7805
165,-1.0010000000000001,82,0,7887
166,-0.967,8,0,7895
167,-1.026,87,0,7982
168,-0.8220000000000001,43,0,8025
169,-0.958,19,0,8044
170,-1.008,89,0,8133
171,0.9639999999999999,69,1,8202
172,-0.9840000000000001,65,0,8267
173,-0.9540000000000001,115,0,8382
174,-0.929,10,0,8392
175,-0.909,30,0,8422
176,-1.004,65,0,8487
177,-0.938,19,0,8506
178,-0.9490000000000001,30,0,8536
179,-1.0190000000000001,80,0,8616
180,-0.984,5,0,8621
181,-1.0390000000000001,60,0,8681
182,-0.984,5,0,8686
183,-0.976,17,0,8703
184,-0.9670000000000001,68,0,8771
185,-0.994,75,0,8846
186,-0.849,50,0,8896
187,-0.934,15,0,8911
188,-0.917,18,0,8929
189,-1.0390000000000001,60,0,8989
190,-0.976,17,0,9006
191,-0.909,10,0,9016
192,-0.984,5,0,9021
193,-0.999,60,0,9081
194,-0.919,60,0,9141
195,-0.9490000000000001,70,0,9211
196,-0.972,13,0,9224
197,-1.0190000000000001,60,0,9284
198,-0.909,50,0,9334
199,-0.985,6,0,9340
200,-0.954,35,0,9375
201,-0.985,6,0,9381
202,-1.0290000000000001,90,0,9471
203,-0.988,9,0,9480
204,-0.9319999999999999,13,0,9493
205,-0.988,9,0,9502
206,-0.9430000000000001,24,0,9526
207,-0.967,28,0,9554
208,-0.953,14,0,9568
209,-0.931,52,0,9620
210,-0.982,3,0,9623
211,0.8679999999999999,93,1,9716
212,-0.999,60,0,9776
213,-0.9490000000000001,10,0,9786
214,1.02,55,1,9841
215,-0.9390000000000001,80,0,9921
216,-0.8580000000000001,59,0,9980
217,-0.9590000000000001,60,0,10040
218,-0.931,72,0,10112
219,-0.986,7,0,10119
220,-0.984,5,0,10124
221,-0.975,16,0,10140
222,-0.973,14,0,10154
223,-0.9790000000000001,60,0,10214
224,-0.9299999999999999,11,0,10225
225,-0.9390000000000001,100,0,10325
226,-0.999,60,0,10385
227,-1.0190000000000001,60,0,10445
228,-1.057,78,0,10523
229,0.8600000000000001,95,1,10618
230,-0.974,15,0,10633
231,-0.9690000000000001,90,0,10723
232,-0.889,30,0,10753
233,-1.0190000000000001,60,0,10813
234,-0.9590000000000001,60,0,10873
235,-0.9590000000000001,120,0,10993
236,-0.8270000000000001,48,0,11041
237,-0.988,9,0,11050
238,-0.9510000000000001,32,0,11082
239,-0.9490000000000001,10,0,11092
240,-0.9390000000000001,100,0,11192
241,-0.926,47,0,11239
242,-1.044,165,0,11404
243,-0.982,3,0,11407
244,-0.984,5,0,11412
245,-0.899,40,0,11452
246,-0.979,60,0,11512
247,-0.879,40,0,11552
248,-0.9390000000000001,60,0,11612
249,-0.9550000000000001,36,0,11648
250,-0.936,57,0,11705
251,-0.9610000000000001,22,0,11727
252,-0.988,9,0,11736
253,-0.9430000000000001,44,0,11780
254,-0.9860000000000001,87,0,11867
255,-0.9490000000000001,10,0,11877
256,-0.974,15,0,11892
257,-0.9520000000000001,33,0,11925
258,-0.977,18,0,11943
259,1.032,52,1,11995
260,-0.851,52,0,12047
261,-0.9590000000000001,120,0,12167
262,-0.964,5,0,12172
263,-1.0090000000000001,170,0,12342
264,-0.988,9,0,12351
265,-1.0050000000000001,66,0,12417
266,-0.976,17,0,12434
267,-0.911,12,0,12446
268,-0.929,10,0,12456
269,-0.9690000000000001,90,0,12546
270,-0.979,60,0,12606
271,-0.9390000000000001,60,0,12666
272,-0.9490000000000001,110,0,12776
273,-0.988,9,0,12785
274,-0.929,30,0,12815
275,-1.0190000000000001,80,0,12895
276,-0.949,10,0,12905
277,-0.9870000000000001,68,0,12973
278,-0.9590000000000001,60,0,13033
279,-0.859,40,0,13073
280,-0.8990000000000001,120,0,13193
281,-1.0150000000000001,156,0,13349
282,-0.894,35,0,13384
283,-0.966,7,0,13391
284,-1.0090000000000001,90,0,13481
285,-0.984,5,0,13486
286,-0.958,19,0,13505
287,-1.0210000000000001,102,0,13607
288,-0.903,24,0,13631
289,-0.8460000000000001,47,0,13678
290,-0.9890000000000001,110,0,13788
291,-0.9390000000000001,100,0,13888
292,-0.915,16,0,13904
293,-0.9990000000000001,100,0,14004
294,-0.982,3,0,14007
295,-1.0390000000000001,60,0,14067
296,-0.974,15,0,14082
297,-0.9490000000000001,70,0,14152
298,-0.985,6,0,14158
299,-1.0190000000000001,60,0,14218
300,-1.0390000000000001,60,0,14278
301,-1.0030000000000001,104,0,14382
302,-0.9590000000000001,60,0,14442
303,-0.971,12,0,14454
304,-1.049,70,0,14524
305,-0.876,57,0,14581
306,-0.862,23,0,14604
307,-1.046,87,0,14691
308,-0.977,18,0,14709
309,-0.86,41,0,14750
310,-0.919,120,0,14870
311,-0.982,3,0,14873
312,-0.929,10,0,14883
313,-0.985,6,0,14889
314,-0.9570000000000001,78,0,14967
315,-0.969,10,0,14977
316,-0.994,75,0,15052
317,-0.9390000000000001,60,0,15112
318,-0.922,63,0,15175
319,-0.9490000000000001,70,0,15245
320,-1.0490000000000002,130,0,15375
321,-1.0290000000000001,70,0,15445
322,0.8679999999999999,93,1,15538
323,-0.968,9,0,15547
324,-0.987,8,0,15555
325,-0.915,76,0,15631
326,-0.96,21,0,15652
327,-0.988,9,0,15661
328,-0.9790000000000001,80,0,15741
329,-0.909,50,0,15791
330,-0.976,17,0,15808
331,-0.966,27,0,15835
332,-0.966,7,0,15842
333,-0.9380000000000001,19,0,15861
334,-0.869,10,0,15871
335,-1.078,139,0,16010
336,-0.982,3,0,16013
337,-1.0290000000000001,70,0,16083
338,-1.0330000000000001,174,0,16257
339,-0.9450000000000001,6,0,16263
340,-0.93,111,0,16374
341,0.6359999999999999,151,1,16525
342,-1.049,70,0,16595
343,-0.984,5,0,16600
344,-0.982,3,0,16603
345,-0.9490000000000001,90,0,16693
346,-0.919,80,0,16773
347,-0.999,60,0,16833
348,-0.984,5,0,16838
349,-0.919,20,0,16858
350,-0.9790000000000001,80,0,16938
351,-0.969,10,0,16948
352,0.716,131,1,17079
353,-0.9570000000000001,98,0,17177
354,-0.9790000000000001,80,0,17257
355,-0.936,17,0,17274
356,-0.986,7,0,17281
357,-0.902,43,0,17324
358,-0.969,10,0,17334
359,-1.0090000000000001,70,0,17404
360,-0.987,8,0,17412
361,-0.9800000000000001,101,0,17513
362,-0.989,70,0,17583
363,-0.987,8,0,17591
364,-0.885,46,0,17637
365,-0.8430000000000001,44,0,17681
366,0.9159999999999999,81,1,17762
367,-0.988,9,0,17771
368,-1.026,87,0,17858
369,-0.975,16,0,17874
370,-0.974,15,0,17889
371,-0.862,43,0,17932
372,-0.9470000000000001,8,0,17940
373,-0.909,50,0,17990
374,-0.9690000000000001,90,0,18080
375,-0.978,19,0,18099
376,-0.938,19,0,18118
377,-0.999,60,0,18178
378,-0.879,20,0,18198
379,-0.9390000000000001,60,0,18258
380,-1.0190000000000001,60,0,18318
381,-0.929,70,0,18388
382,-0.863,44,0,18432
383,-0.9490000000000001,70,0,18502
384,0.9319999999999999,77,1,18579
385,-0.9380000000000001,79,0,18658
386,-0.9590000000000001,80,0,18738
387,-0.891,92,0,18830
388,-0.971,12,0,18842
389,-0.909,90,0,18932
390,-0.973,14,0,18946
391,-1.0090000000000001,110,0,19056
392,-0.895,36,0,19092
393,-0.9890000000000001,110,0,19202
394,0.8479999999999999,98,1,19300
395,-0.929,30,0,19330
396,-0.928,9,0,19339
397,-0.9390000000000001,60,0,19399
398,-0.909,50,0,19449
399,-0.925,26,0,19475
400,-0.982,3,0,19478
401,-0.868,29,0,19507
402,0.9639999999999999,69,1,19576
403,0.9959999999999999,61,1,19637
404,-0.9590000000000001,100,0,19737
405,-0.9590000000000001,60,0,19797
406,-0.954,35,0,19832
407,-0.982,3,0,19835
408,-0.8190000000000001,40,0,19875
409,-0.864,45,0,19920
410,-0.856,17,0,19937
411,1.16,20,1,19957
412,-1.0390000000000001,60,0,20017
413,-0.909,10,0,20027
414,-0.909,90,0,20117
415,-0.983,4,0,20121
416,-0.9390000000000001,60,0,20181
417,-0.962,23,0,20204
418,-0.926,7,0,20211
419,-0.911,72,0,20283
420,-0.966,7,0,20290
421,-1.1190000000000002,200,0,20490
422,-1.064,65,0,20555
423,-0.967,8,0,20563
424,-0.8170000000000001,38,0,20601
425,-1.098,139,0,20740
426,-0.9620000000000001,63,0,20803
427,-0.968,29,0,20832
428,-0.87,31,0,20863
429,-0.907,28,0,20891
430,-0.9650000000000001,66,0,20957
431,-0.909,70,0,21027
432,-0.9470000000000001,28,0,21055
433,-0.9390000000000001,20,0,21075
434,-0.8290000000000001,50,0,21125
435,-0.899,20,0,21145
436,-0.917,18,0,21163
437,-0.888,49,0,21212
438,-0.9890000000000001,90,0,21302
439,-0.8990000000000001,100,0,21402
440,-0.8820000000000001,103,0,21505
441,0.944,74,1,21579
442,-0.864,45,0,21624
443,-0.879,20,0,21644
444,-0.9670000000000001,68,0,21712
445,-0.859,40,0,21752
446,-0.916,97,0,21849
447,-0.978,19,0,21868
448,-0.87,31,0,21899
449,1.072,42,1,21941
450,-0.984,5,0,21946
451,-0.967,28,0,21974
452,-0.8460000000000001,47,0,22021
453,-0.982,3,0,22024
454,-0.8190000000000001,40,0,22064
455,-0.988,9,0,22073
456,-0.956,17,0,22090
457,-0.969,10,0,22100
458,-0.972,13,0,22113
459,-0.9590000000000001,100,0,22213
460,-0.9390000000000001,60,0,22273
461,-0.8350000000000001,36,0,22309
462,-0.974,15,0,22324
463,-0.9390000000000001,60,0,22384
464,-0.9990000000000001,80,0,22464
465,-0.929,90,0,22554
466,0.9279999999999999,78,1,22632
467,0.8559999999999999,96,1,22728
468,-0.9390000000000001,60,0,22788
469,-0.9850000000000001,106,0,22894
470,-0.9790000000000001,60,0,22954
471,-0.9480000000000001,69,0,23023
472,-0.986,7,0,23030
473,0.956,71,1,23101
474,-0.933,74,0,23175
475,-0.861,42,0,23217
476,-0.917,18,0,23235
477,-0.955,16,0,23251
478,-1.008,129,0,23380
479,1.068,43,1,23423
480,-0.905,46,0,23469
481,1.024,54,1,23523
482,-0.909,30,0,23553
483,-0.9359999999999999,17,0,23570
484,0.8639999999999999,94,1,23664
485,-0.894,15,0,23679
486,-0.9890000000000001,70,0,23749
487,-0.958,39,0,23788
488,0.9479999999999998,73,1,23861
489,-0.988,9,0,23870
490,-1.0030000000000001,64,0,23934
491,-0.929,110,0,24044
492,-0.9880000000000001,89,0,24133
493,-0.9380000000000001,99,0,24232
494,-0.9590000000000001,80,0,24312
495,-0.93,71,0,24383
496,-0.864,25,0,24408
497,1.052,47,1,24455
498,-0.885,106,0,24561
499,-0.959,20,0,24581
500,-0.9480000000000001,89,0,24670
501,-0.9890000000000001,110,0,24780
502,0.828,103,1,24883
503,-0.889,110,0,24993
504,-0.934,75,0,25068
505,0.7959999999999999,111,1,25179
506,-0.9790000000000001,80,0,25259
507,-0.982,3,0,25262
508,0.94,75,1,25337
509,-0.908,29,0,25366
510,-0.9690000000000001,70,0,25436
511,-0.8890000000000001,90,0,25526
512,-0.9990000000000001,100,0,25626
513,-0.933,74,0,25700
514,-0.868,29,0,25729
515,-0.982,3,0,25732
516,-0.984,5,0,25737
517,-0.988,9,0,25746
518,0.9799999999999999,65,1,25811
519,-0.884,25,0,25836
520,1.064,44,1,25880
521,-0.88,41,0,25921
522,-0.982,3,0,25924
523,-0.9440000000000001,25,0,25949
524,-0.9750000000000001,96,0,26045
525,-0.879,40,0,26085
526,-0.926,7,0,26092
527,1.124,29,1,26121
528,0.952,72,1,26193
529,-0.984,5,0,26198
530,-0.869,30,0,26228
531,-0.899,20,0,26248
532,-0.913,94,0,26342
533,-0.899,40,0,26382
534,-0.8490000000000001,50,0,26432
535,-0.9490000000000001,10,0,26442
536,-0.919,100,0,26542
537,1.06,45,1,26587
538,1.016,56,1,26643
539,-0.9530000000000001,34,0,26677
540,-1.109,130,0,26807
541,-0.8560000000000001,37,0,26844
542,-0.903,84,0,26928
543,-0.909,30,0,26958
544,-0.898,59,0,27017
545,-0.9690000000000001,70,0,27087
546,-0.864,25,0,27112
547,-0.9390000000000001,20,0,27132
548,1.108,33,1,27165
549,-0.889,30,0,27195
550,-0.9530000000000001,34,0,27229
551,-0.8880000000000001,109,0,27338
552,-1.049,70,0,27408
553,-1.0150000000000001,76,0,27484
554,-0.909,90,0,27574
555,-0.969,10,0,27584
556,-0.865,46,0,27630
557,-0.913,34,0,27664
558,-0.9470000000000001,8,0,27672
559,-0.918,19,0,27691
560,-0.974,15,0,27706
561,-0.919,20,0,27726
562,-0.961,22,0,27748
563,-0.9790000000000001,80,0,27828
564,-0.9390000000000001,60,0,27888
565,-0.865,46,0,27934
566,-0.869,50,0,27984
567,-1.0090000000000001,70,0,28054
568,-0.849,30,0,28084
569,-0.873,14,0,28098
570,-0.891,92,0,28190
571,-0.9590000000000001,60,0,28250
572,-0.9440000000000001,45,0,28295
573,-0.986,7,0,28302
574,-0.9990000000000001,100,0,28402
575,-0.862,43,0,28445
576,-0.8190000000000001,40,0,28485
577,-0.96,21,0,28506
578,0.7919999999999998,112,1,28618
579,-0.9690000000000001,110,0,28728
580,-0.9390000000000001,20,0,28748
581,-0.9590000000000001,60,0,28808
582,-1.0090000000000001,90,0,28898
583,-0.879,40,0,28938
584,-0.8290000000000001,30,0,28968
585,1.1280000000000001,28,1,28996
586,-0.9570000000000001,38,0,29034
587,-1.002,63,0,29097
588,-0.9490000000000001,10,0,29107
589,-0.881,22,0,29129
590,-0.961,22,0,29151
591,-0.899,80,0,29231
592,-0.8380000000000001,39,0,29270
593,-0.8130000000000001,34,0,29304
594,0.8079999999999999,108,1,29412
595,0.8520000000000001,97,1,29509
596,-0.926,7,0,29516
597,-1.0190000000000001,60,0,29576
598,-0.908,29,0,29605
599,-0.967,28,0,29633
600,-0.919,80,0,29713
601,-0.9390000000000001,80,0,29793
602,-0.924,85,0,29878
603,-0.984,5,0,29883
604,-0.86,21,0,29904
605,-0.887,28,0,29932
606,-0.8470000000000001,48,0,29980
607,0.8439999999999999,99,1,30079
608,-0.964,5,0,30084
609,-0.953,14,0,30098
610,-0.982,3,0,30101
611,-0.921,22,0,30123
612,-0.979,60,0,30183
613,-0.9,81,0,30264
614,-1.0,61,0,30325
615,-0.919,80,0,30405
616,-0.9690000000000001,110,0,30515
617,0.9039999999999999,84,1,30599
618,-0.929,70,0,30669
619,-0.9390000000000001,20,0,30689
620,-0.9490000000000001,10,0,30699
621,-0.8920000000000001,113,0,30812
622,-0.982,3,0,30815
623,-0.9670000000000001,28,0,30843
624,-0.899,100,0,30943
625,0.9119999999999999,82,1,31025
626,-0.9390000000000001,60,0,31085
627,-0.9430000000000001,24,0,31109
628,-0.9490000000000001,10,0,31119
629,-0.894,95,0,31214
630,-0.974,15,0,31229
631,-1.0290000000000001,70,0,31299
632,-0.964,25,0,31324
633,-0.9530000000000001,14,0,31338
634,-0.929,110,0,31448
635,-0.899,40,0,31488
636,-0.8990000000000001,100,0,31588
637,-1.006,67,0,31655
638,-1.0090000000000001,130,0,31785
639,-0.982,3,0,31788
640,-0.899,100,0,31888
641,-0.9440000000000001,65,0,31953
642,-0.879,40,0,31993
643,-0.9480000000000001,89,0,32082
644,-0.9590000000000001,100,0,32182
645,-0.9339999999999999,15,0,32197
646,-0.968,9,0,32206
647,-0.932,93,0,32299
648,-0.926,7,0,32306
649,-0.929,90,0,32396
650,0.856,96,1,32492
651,-0.9470000000000001,68,0,32560
652,-0.9490000000000001,110,0,32670
653,-0.9430000000000001,64,0,32734
654,-1.0190000000000001,60,0,32794
655,-0.964,5,0,32799
656,-0.9630000000000001,24,0,32823
657,-0.916,77,0,32900
658,-0.909,90,0,32990
659,-0.8890000000000001,110,0,33100
660,-1.0190000000000001,60,0,33160
661,-0.9299999999999999,11,0,33171
662,-0.9790000000000001,60,0,33231
663,-0.9690000000000001,70,0,33301
664,-0.889,110,0,33411
665,-1.004,125,0,33536
666,-0.92,61,0,33597
667,-1.0030000000000001,124,0,33721
668,-0.8920000000000001,113,0,33834
669,-0.926,47,0,33881
670,-0.923,64,0,33945
671,-0.849,30,0,33975
672,-0.929,90,0,34065
673,-0.861,42,0,34107
674,-0.985,6,0,34113
675,-0.982,3,0,34116
676,-0.902,23,0,34139
677,0.8679999999999999,93,1,34232
678,-0.9470000000000001,8,0,34240
679,-0.909,30,0,34270
680,-0.971,12,0,34282
681,-0.9890000000000001,90,0,34372
682,-0.929,110,0,34482
683,-0.982,3,0,34485
684,-0.9390000000000001,80,0,34565
685,-0.953,14,0,34579
686,-0.988,9,0,34588
687,-0.982,3,0,34591
688,0.948,73,1,34664
689,-0.8420000000000001,43,0,34707
690,-0.968,9,0,34716
691,-0.925,26,0,34742
692,-0.859,40,0,34782
693,1.1480000000000001,23,1,34805
694,-0.984,5,0,34810
695,-0.9490000000000001,110,0,34920
696,-0.966,27,0,34947
697,-0.9390000000000001,60,0,35007
698,-0.982,3,0,35010
699,-0.9390000000000001,60,0,35070
700,-0.9450000000000001,46,0,35116
701,-0.839,40,0,35156
702,-0.9470000000000001,28,0,35184
703,-0.8190000000000001,40,0,35224
704,1.064,44,1,35268
705,-0.97,11,0,35279
706,-0.936,57,0,35336
707,-0.936,17,0,35353
708,-1.0390000000000001,60,0,35413
709,-0.9490000000000001,30,0,35443
710,-0.9390000000000001,60,0,35503
711,-0.929,10,0,35513
712,-0.9590000000000001,60,0,35573
713,0.8399999999999999,100,1,35673
714,1.164,19,1,35692
715,-1.0090000000000001,90,0,35782
716,-0.9390000000000001,20,0,35802
717,-1.0190000000000001,60,0,35862
718,-0.966,7,0,35869
719,-0.9690000000000001,90,0,35959
720,-0.9570000000000001,38,0,35997
721,-0.8990000000000001,120,0,36117
722,-0.9390000000000001,120,0,36237
723,-0.964,5,0,36242
724,-0.9590000000000001,120,0,36362
725,-0.93,91,0,36453
726,0.7919999999999998,112,1,36565
727,-0.9590000000000001,60,0,36625
728,0.952,72,1,36697
729,-0.847,28,0,36725
730,-0.9590000000000001,60,0,36785
731,-0.971,12,0,36797
732,-0.936,97,0,36894
733,0.9479999999999998,73,1,36967
734,-0.983,4,0,36971
735,-0.9490000000000001,110,0,37081
736,-0.855,36,0,37117
737,-0.867,28,0,37145
738,-0.8290000000000001,50,0,37195
739,0.8239999999999998,104,1,37299
740,1.008,58,1,37357
741,-0.9690000000000001,70,0,37427
742,-0.857,38,0,37465
743,-0.919,80,0,37545
744,1.008,58,1,37603
745,-0.93,51,0,37654
746,-0.93,11,0,37665
747,-0.902,23,0,37688
748,-0.968,9,0,37697
749,-0.8620000000000001,43,0,37740
750,-0.9490000000000001,110,0,37850
751,-0.8440000000000001,45,0,37895
752,-0.9490000000000001,10,0,37905
753,-0.847,48,0,37953
754,-0.964,5,0,37958
755,-0.934,15,0,37973
756,-0.841,42,0,38015
757,-0.988,9,0,38024
758,-0.936,37,0,38061
759,-0.928,9,0,38070
760,-0.829,30,0,38100
761,-0.932,13,0,38113
762,-0.895,16,0,38129
763,1.092,37,1,38166
764,0.8679999999999999,93,1,38259
765,-0.909,110,0,38369
766,-0.9890000000000001,110,0,38479
767,-0.973,14,0,38493
768,-0.887,28,0,38521
769,-0.9680000000000001,69,0,38590
770,-0.899,80,0,38670
771,-0.984,5,0,38675
772,-0.929,10,0,38685
773,-0.869,50,0,38735
774,-0.983,4,0,38739
775,-0.909,50,0,38789
776,-0.923,24,0,38813
777,-0.9490000000000001,30,0,38843
778,-0.91,31,0,38874
779,-0.983,4,0,38878
780,-0.933,34,0,38912
781,-0.984,5,0,38917
782,1.088,38,1,38955
783,-0.902,103,0,39058
784,-0.983,4,0,39062
785,-0.9890000000000001,90,0,39152
786,-0.93,91,0,39243
787,-0.974,15,0,39258
788,-0.971,12,0,39270
789,-0.8390000000000001,40,0,39310
790,-0.869,50,0,39360
791,-0.9490000000000001,10,0,39370
792,0.952,72,1,39442
793,-0.988,9,0,39451
794,-0.889,30,0,39481
795,1.096,36,1,39517
796,-0.9390000000000001,20,0,39537
797,-0.988,9,0,39546
798,-0.879,40,0,39586
799,-0.969,10,0,39596
800,-1.0090000000000001,90,0,39686
801,-0.889,30,0,39716
802,-0.929,30,0,39746
803,-0.959,20,0,39766
804,-0.843,24,0,39790
805,-0.986,7,0,39797
806,-0.8290000000000001,50,0,39847
807,-0.982,3,0,39850
808,-0.8350000000000001,36,0,39886
809,-0.913,34,0,39920
810,-0.894,15,0,39935
811,-0.918,19,0,39954
812,-0.892,93,0,40047
813,-0.9690000000000001,90,0,40137
814,-0.9470000000000001,8,0,40145
815,-0.929,30,0,40175
816,-0.9390000000000001,80,0,40255
817,-1.0390000000000001,60,0,40315
818,-0.9900000000000001,91,0,40406
819,-0.967,8,0,40414
820,0.768,118,1,40532
821,0.8559999999999999,96,1,40628
822,-0.9390000000000001,80,0,40708
823,-0.889,50,0,40758
824,-0.12000000000000023,300,0,41058
825,-0.9640000000000001,65,0,41123
826,-0.845,46,0,41169
827,-0.929,90,0,41259
828,-0.919,40,0,41299
829,-0.892,93,0,41392
830,0.8879999999999999,88,1,41480
831,-0.9450000000000001,6,0,41486
832,-0.983,4,0,41490
833,-0.8540000000000001,35,0,41525
834,-0.9690000000000001,110,0,41635
835,-0.958,19,0,41654
836,-0.9550000000000001,16,0,41670
837,-0.9460000000000001,27,0,41697
838,-0.8490000000000001,50,0,41747
839,-0.931,12,0,41759
840,-0.9490000000000001,110,0,41869
841,-0.919,80,0,41949
842,-0.8490000000000001,50,0,41999
843,-0.899,20,0,42019
844,-0.984,5,0,42024
845,-0.899,120,0,42144
846,-0.9390000000000001,80,0,42224
847,-0.878,19,0,42243
848,-0.879,40,0,42283
849,-0.9490000000000001,10,0,42293
850,-0.983,4,0,42297
851,-0.909,90,0,42387
852,-0.929,70,0,42457
853,-0.906,27,0,42484
854,-0.922,103,0,42587
855,-0.847,28,0,42615
856,-0.919,20,0,42635
857,-0.9490000000000001,110,0,42745
858,-0.921,62,0,42807
859,-0.8890000000000001,110,0,42917
860,-0.926,67,0,42984
861,-0.9590000000000001,60,0,43044
862,1.044,49,1,43093
863,-0.9890000000000001,90,0,43183
864,-0.982,3,0,43186
865,0.94,75,1,43261
866,-0.8220000000000001,43,0,43304
867,-0.927,88,0,43392
868,-0.978,19,0,43411
869,-0.982,3,0,43414
870,-0.9890000000000001,90,0,43504
871,-0.9640000000000001,65,0,43569
872,-1.0250000000000001,146,0,43715
873,-0.983,4,0,43719
874,-1.0390000000000001,60,0,43779
875,-0.9700000000000001,91,0,43870
876,-0.911,72,0,43942
877,-0.936,17,0,43959
878,-0.9490000000000001,70,0,44029
879,-0.929,10,0,44039
880,-1.006,67,0,44106
881,-0.9590000000000001,120,0,44226
882,-1.0290000000000001,70,0,44296
883,-0.983,4,0,44300
884,-0.9490000000000001,110,0,44410
885,-0.895,56,0,44466
886,-0.9490000000000001,90,0,44556
887,-0.985,6,0,44562
888,-0.9390000000000001,120,0,44682
889,-0.9430000000000001,44,0,44726
890,-0.8290000000000001,50,0,44776
891,-0.9510000000000001,12,0,44788
892,-0.929,10,0,44798
893,-0.936,37,0,44835
894,-0.8490000000000001,50,0,44885
895,-0.933,54,0,44939
896,-0.982,3,0,44942
897,-0.968,29,0,44971
898,-0.919,100,0,45071
899,-1.048,189,0,45260
900,-0.9490000000000001,10,0,45270
901,-0.9590000000000001,120,0,45390
902,-0.989,70,0,45460
903,-0.9880000000000001,129,0,45589
904,-0.9390000000000001,120,0,45709
905,-0.933,94,0,45803
906,-1.0090000000000001,190,0,45993
907,-1.004,125,0,46118
908,-0.9390000000000001,120,0,46238
909,-0.919,120,0,46358
910,-0.909,50,0,46408
911,-1.092,253,0,46661
912,-1.044,85,0,46746
913,-1.072,153,0,46899
914,-0.974,15,0,46914
915,-0.9790000000000001,120,0,47034
916,-0.974,15,0,47049
917,-1.02,61,0,47110
918,-1.0030000000000001,124,0,47234
919,-1.066,147,0,47381
920,-0.9550000000000001,36,0,47417
921,-0.866,47,0,47464
922,-1.0230000000000001,104,0,47568
923,-0.8290000000000001,50,0,47618
924,-0.9319999999999999,13,0,47631
925,-1.0890000000000002,130,0,47761
926,-1.03,171,0,47932
927,-0.986,7,0,47939
928,-0.9810000000000001,82,0,48021
929,-0.935,56,0,48077
930,-0.9630000000000001,84,0,48161
931,-0.853,54,0,48215
932,-0.982,3,0,48218
933,-0.982,3,0,48221
934,0.772,117,1,48338
935,-0.926,7,0,48345
936,0.9479999999999998,73,1,48418
937,-1.0090000000000001,70,0,48488
938,-0.889,10,0,48498
939,-0.909,10,0,48508
940,-1.006,127,0,48635
941,-0.949,10,0,48645
942,-0.923,24,0,48669
943,-0.97,11,0,48680
944,-0.915,96,0,48776
945,1.084,39,1,48815
946,-0.8490000000000001,50,0,48865
947,-0.916,57,0,48922
948,-0.889,110,0,49032
949,-0.9790000000000001,100,0,49132
950,0.7919999999999998,112,1,49244
951,-0.92,61,0,49305
952,-1.028,109,0,49414
953,0.8280000000000001,103,1,49517
954,0.78,115,1,49632
955,-0.986,67,0,49699
956,-0.9890000000000001,90,0,49789
957,0.7799999999999999,115,1,49904
958,-0.9490000000000001,110,0,50014
959,-0.898,39,0,50053
960,-0.9390000000000001,120,0,50173
961,-0.971,12,0,50185
962,0.8679999999999999,93,1,50278
963,-0.9590000000000001,80,0,50358
964,-0.9790000000000001,120,0,50478
965,-0.928,89,0,50567
966,-0.985,6,0,50573
967,-0.964,5,0,50578
968,-0.986,7,0,50585
969,-0.9590000000000001,80,0,50665
970,-1.0190000000000001,80,0,50745
971,-0.876,37,0,50782
972,-0.974,15,0,50797
973,-0.937,38,0,50835
974,-0.9299999999999999,11,0,50846
975,-0.9410000000000001,42,0,50888
976,-0.9610000000000001,22,0,50910
977,-0.9590000000000001,80,0,50990
978,-1.0190000000000001,80,0,51070
979,-0.986,7,0,51077
980,-0.988,9,0,51086
981,-0.8290000000000001,50,0,51136
982,-0.9840000000000001,65,0,51201
983,-0.933,114,0,51315
984,-0.883,24,0,51339
985,-0.987,8,0,51347
986,-0.859,40,0,51387
987,-0.982,3,0,51390
988,-0.909,30,0,51420
989,-0.986,7,0,51427
990,-0.9510000000000001,12,0,51439
991,-0.9510000000000001,12,0,51451
992,0.8639999999999999,94,1,51545
993,-0.909,90,0,51635
994,-1.0410000000000001,182,0,51817
995,-0.93,51,0,51868
996,-0.919,100,0,51968
997,-0.9390000000000001,80,0,52048
998,-0.968,9,0,52057
999,-0.929,110,0,52167
1000,-0.929,70,0,52237
1001,-1.0170000000000001,118,0,52355
1002,-0.988,9,0,52364
1003,-1.008,69,0,52433
1004,-0.9810000000000001,62,0,52495
1005,-0.9610000000000001,62,0,52557
1006,-1.0070000000000001,68,0,52625
1007,-0.905,106,0,52731
1008,-0.9690000000000001,190,0,52921
1009,-0.999,80,0,53001
1010,-0.9590000000000001,80,0,53081
1011,-0.9890000000000001,70,0,53151
1012,-0.895,56,0,53207
1013,-0.9790000000000001,120,0,53327
1014,-0.9590000000000001,80,0,53407
1015,-0.9990000000000001,100,0,53507
1016,-1.0490000000000002,190,0,53697
1017,-0.978,19,0,53716
1018,-1.0750000000000002,196,0,53912
1019,-1.061,62,0,53974
1020,-0.9990000000000001,80,0,54054
1021,-0.9740000000000001,75,0,54129
1022,-0.999,60,0,54189
1023,-0.876,57,0,54246
1024,-0.9540000000000001,75,0,54321
1025,-0.875,56,0,54377
1026,-0.9390000000000001,80,0,54457
1027,-0.9490000000000001,10,0,54467
1028,-0.984,5,0,54472
1029,-0.917,58,0,54530
1030,-0.8900000000000001,111,0,54641
1031,-0.9490000000000001,90,0,54731
1032,-0.984,5,0,54736
1033,0.8200000000000001,105,1,54841
1034,-0.889,10,0,54851
1035,-0.975,16,0,54867
1036,-0.9690000000000002,170,0,55037
1037,-0.8990000000000001,120,0,55157
1038,-0.8580000000000001,39,0,55196
1039,-0.9390000000000001,100,0,55296
1040,-0.9570000000000001,38,0,55334
1041,-1.0710000000000002,192,0,55526
1042,-0.883,44,0,55570
1043,-0.9390000000000001,120,0,55690
1044,-0.8280000000000001,49,0,55739
1045,-0.9890000000000001,110,0,55849
1046,-0.9510000000000001,12,0,55861
1047,-0.985,6,0,55867
1048,-0.8580000000000001,39,0,55906
1049,-0.9390000000000001,120,0,56026
1050,-0.865,26,0,56052
1051,-0.9410000000000001,42,0,56094
1052,-0.866,27,0,56121
1053,-0.937,58,0,56179
1054,0.8319999999999999,102,1,56281
1055,-0.986,7,0,56288
1056,-0.9690000000000001,90,0,56378
1057,0.9719999999999999,67,1,56445
1058,-0.984,5,0,56450
1059,-1.01,111,0,56561
1060,-0.977,18,0,56579
1061,-0.972,13,0,56592
1062,-0.9460000000000001,47,0,56639
1063,-0.983,4,0,56643
1064,-0.929,70,0,56713
1065,-1.0290000000000001,70,0,56783
1066,-0.931,12,0,56795
1067,-0.861,42,0,56837
1068,-1.0190000000000001,60,0,56897
1069,-0.984,5,0,56902
1070,-1.1430000000000002,264,0,57166
1071,-0.9740000000000001,115,0,57281
1072,-0.911,12,0,57293
1073,-0.912,33,0,57326
1074,-0.917,18,0,57344
1075,-1.0190000000000001,80,0,57424
1076,-0.906,27,0,57451
1077,-0.9790000000000001,120,0,57571
1078,-0.9470000000000001,8,0,57579
1079,-0.926,27,0,57606
1080,-0.9790000000000001,80,0,57686
1081,-0.919,120,0,57806
1082,-0.9830000000000001,64,0,57870
1083,-0.908,109,0,57979
1084,-0.9510000000000001,72,0,58051
1085,-0.906,87,0,58138
1086,-0.9,41,0,58179
1087,-0.97,11,0,58190
1088,-0.876,37,0,58227
1089,-0.9450000000000001,46,0,58273
1090,-1.0030000000000001,124,0,58397
1091,-1.1090000000000002,230,0,58627
1092,-0.878,39,0,58666
1093,-0.963,24,0,58690
1094,-0.988,9,0,58699
1095,-0.899,20,0,58719
1096,-0.975,16,0,58735
1097,0.8799999999999999,90,1,58825
1098,-0.9790000000000001,80,0,58905
1099,-0.9299999999999999,11,0,58916
1100,-0.9510000000000001,12,0,58928
1101,-0.977,18,0,58946
1102,-0.9570000000000001,38,0,58984
1103,-0.9790000000000001,120,0,59104
1104,-0.9990000000000001,120,0,59224
1105,-0.966,7,0,59231
1106,-0.919,40,0,59271
1107,-0.9090000000000001,110,0,59381
1108,-0.889,110,0,59491
1109,-0.937,38,0,59529
1110,-0.972,13,0,59542
1111,-0.9730000000000001,94,0,59636
1112,-0.887,28,0,59664
1113,-0.894,15,0,59679
1114,-0.8790000000000001,100,0,59779
1115,-0.983,4,0,59783
1116,-0.984,5,0,59788
1117,-0.882,23,0,59811
1118,-1.0490000000000002,190,0,60001
1119,-0.982,3,0,60004
1120,-0.983,4,0,60008
1121,-0.9390000000000001,80,0,60088
1122,-0.885,106,0,60194
1123,-0.947,8,0,60202
1124,-0.926,7,0,60209
1125,-0.909,90,0,60299
1126,-0.919,120,0,60419
1127,-0.982,3,0,60422
1128,-0.9590000000000001,80,0,60502
1129,-0.917,38,0,60540
1130,-0.904,45,0,60585
1131,-0.9850000000000001,86,0,60671
1132,-0.855,36,0,60707
1133,-0.9690000000000001,70,0,60777
1134,-0.919,120,0,60897
1135,-0.9780000000000001,79,0,60976
1136,-0.986,7,0,60983
1137,-0.8520000000000001,33,0,61016
1138,-0.8480000000000001,49,0,61065
1139,-0.9940000000000001,75,0,61140
1140,-0.986,7,0,61147
1141,-1.004,125,0,61272
1142,-1.058,79,0,61351
1143,-0.916,37,0,61388
1144,-0.989,70,0,61458
1145,-0.9760000000000001,77,0,61535
1146,-0.999,60,0,61595
1147,-0.9990000000000001,80,0,61675
1148,-0.9490000000000001,90,0,61765
1149,-0.9990000000000001,80,0,61845
1150,-1.018,119,0,61964
1151,-0.985,6,0,61970
1152,-0.977,18,0,61988
1153,-1.054,175,0,62163
1154,-1.0990000000000002,260,0,62423
1155,-0.9450000000000001,6,0,62429
1156,-1.008,129,0,62558
1157,-0.935,56,0,62614
1158,-0.9790000000000001,80,0,62694
1159,-0.9780000000000001,79,0,62773
1160,-1.0230000000000001,104,0,62877
1161,-0.985,6,0,62883
1162,-0.974,15,0,62898
1163,-0.902,103,0,63001
1164,0.9999999999999999,60,1,63061
1165,-0.22000000000000025,300,0,63361
1166,-0.953,14,0,63375
1167,-1.1300000000000001,231,0,63606
1168,-0.9890000000000001,110,0,63716
1169,-0.984,5,0,63721
1170,-0.18000000000000022,300,0,64021
1171,-1.004,65,0,64086
1172,-0.9740000000000001,95,0,64181
1173,-0.909,10,0,64191
1174,-0.909,10,0,64201
1175,-0.982,3,0,64204
1176,-0.888,9,0,64213
1177,-0.925,26,0,64239
1178,-0.20000000000000023,300,0,64539
1179,-1.0590000000000002,160,0,64699
1180,-1.0090000000000001,90,0,64789
1181,-0.929,10,0,64799
1182,-0.909,30,0,64829
1183,-0.936,37,0,64866
1184,-0.995,76,0,64942
1185,-1.0090000000000001,150,0,65092
1186,-0.931,12,0,65104
1187,-0.985,6,0,65110
1188,-1.026,107,0,65217
1189,-1.072,193,0,65410
1190,-0.9690000000000001,90,0,65500
1191,-0.9640000000000001,65,0,65565
1192,-0.876,17,0,65582
1193,-0.913,14,0,65596
1194,-0.9390000000000001,120,0,65716
1195,-0.9900000000000001,91,0,65807
1196,-0.967,8,0,65815
1197,-0.909,50,0,65865
1198,-1.0630000000000002,144,0,66009
1199,-0.938,19,0,66028
1200,-1.0090000000000001,70,0,66098
1201,-1.0180000000000002,159,0,66257
1202,-1.1660000000000001,247,0,66504
1203,-0.9660000000000001,67,0,66571
1204,-1.02,61,0,66632
1205,-0.895,36,0,66668
1206,-0.868,29,0,66697
1207,-0.953,14,0,66711
1208,-0.9790000000000001,100,0,66811
1209,-0.9319999999999999,13,0,66824
1210,-0.985,6,0,66830
1211,-0.899,40,0,66870
1212,-0.974,15,0,66885
1213,-0.964,5,0,66890
1214,-0.9510000000000001,12,0,66902
1215,-0.9790000000000001,120,0,67022
1216,-0.92,61,0,67083
1217,-0.9490000000000001,70,0,67153
1218,0.9479999999999998,73,1,67226
1219,0.9199999999999999,80,1,67306
1220,-0.917,38,0,67344
1221,-0.9790000000000001,120,0,67464
1222,-0.979,60,0,67524
1223,-0.857,58,0,67582
1224,-0.858,39,0,67621
1225,-0.962,23,0,67644
1226,-0.999,60,0,67704
1227,-1.074,195,0,67899
1228,-0.893,14,0,67913
1229,-0.9590000000000001,100,0,68013
1230,-1.002,123,0,68136
1231,-1.0350000000000001,96,0,68232
1232,-0.936,17,0,68249
1233,-0.9390000000000001,60,0,68309
1234,-0.982,3,0,68312
1235,-0.955,16,0,68328
1236,-0.9490000000000001,10,0,68338
1237,-0.9870000000000001,68,0,68406
1238,-0.91,71,0,68477
1239,-0.9450000000000001,6,0,68483
1240,-0.926,87,0,68570
1241,-0.9790000000000001,60,0,68630
1242,-0.855,36,0,68666
1243,-0.9790000000000001,120,0,68786
1244,-0.983,4,0,68790
1245,-0.983,4,0,68794
1246,-0.982,3,0,68797
1247,-0.987,8,0,68805
1248,-0.9490000000000001,90,0,68895
1249,-0.866,27,0,68922
1250,-1.054,75,0,68997
1251,-0.9860000000000001,107,0,69104
1252,-1.006,67,0,69171
1253,-0.9490000000000001,90,0,69261
1254,-0.9600000000000001,61,0,69322
1255,-0.892,33,0,69355
1256,-0.9390000000000001,80,0,69435
1257,-0.973,14,0,69449
1258,-0.983,4,0,69453
1259,-0.9590000000000001,80,0,69533
1260,-1.0590000000000002,260,0,69793
1261,-0.915,16,0,69809
1262,-1.08,141,0,69950
1263,-0.909,10,0,69960
1264,-0.982,3,0,69963
1265,-1.0390000000000001,160,0,70123
1266,-1.01,71,0,70194
1267,-1.052,153,0,70347
1268,-1.0180000000000002,179,0,70526
1269,-0.986,7,0,70533
1270,0.8200000000000001,105,1,70638
1271,-0.9990000000000001,100,0,70738
1272,-0.897,58,0,70796
1273,-0.9590000000000001,60,0,70856
1274,-1.03,151,0,71007
1275,-0.929,90,0,71097
1276,0.9319999999999999,77,1,71174
1277,-0.9790000000000001,100,0,71274
1278,-0.9490000000000001,90,0,71364
1279,-0.2000000000000002,300,0,71664
1280,-1.0290000000000001,70,0,71734
1281,-0.983,4,0,71738
1282,-0.985,6,0,71744
1283,-0.891,32,0,71776
1284,-0.899,100,0,71876
1285,-0.966,7,0,71883
1286,-0.909,90,0,71973
1287,-0.964,5,0,71978
1288,-0.9790000000000001,100,0,72078
1289,-0.899,100,0,72178
1290,-0.947,8,0,72186
1291,-1.1090000000000002,250,0,72436
1292,-0.917,38,0,72474
1293,-0.955,16,0,72490
1294,-0.963,24,0,72514
1295,-0.9990000000000001,120,0,72634
1296,-0.984,5,0,72639
1297,-0.9720000000000001,93,0,72732
1298,-0.923,44,0,72776
1299,-0.955,16,0,72792
1300,-0.989,70,0,72862
1301,-0.964,25,0,72887
1302,-0.984,5,0,72892
1303,-0.9470000000000001,8,0,72900
1304,-0.9450000000000001,6,0,72906
1305,-1.0790000000000002,180,0,73086
1306,-0.985,6,0,73092
1307,-0.982,3,0,73095
1308,-1.006,87,0,73182
1309,-0.93,11,0,73193
1310,-1.076,197,0,73390
1311,-0.9790000000000001,120,0,73510
1312,-1.0090000000000001,90,0,73600
1313,-0.9740000000000001,95,0,73695
1314,-1.002,123,0,73818
1315,-0.9460000000000001,47,0,73865
1316,-0.879,40,0,73905
1317,-0.9380000000000001,59,0,73964
1318,-0.905,26,0,73990
1319,-0.885,46,0,74036
1320,-0.9890000000000001,190,0,74226
1321,-0.975,16,0,74242
1322,-0.898,19,0,74261
1323,-0.978,19,0,74280
1324,-0.982,3,0,74283
1325,-0.985,6,0,74289
1326,-0.957,18,0,74307
1327,-0.9590000000000001,120,0,74427
1328,-0.971,12,0,74439
1329,-0.935,16,0,74455
1330,-0.988,9,0,74464
1331,-0.954,15,0,74479
1332,-0.873,54,0,74533
1333,-0.968,9,0,74542
1334,-0.922,43,0,74585
1335,-0.9730000000000001,94,0,74679
1336,-1.1190000000000002,260,0,74939
1337,-0.985,6,0,74945
1338,-0.9890000000000001,110,0,75055
1339,-0.932,53,0,75108
1340,-1.0490000000000002,170,0,75278
1341,-0.9560000000000001,117,0,75395
1342,-1.026,87,0,75482
1343,-0.9470000000000001,28,0,75510
1344,-0.9430000000000001,44,0,75554
1345,-1.068,69,0,75623
1346,-0.9790000000000001,120,0,75743
1347,-1.086,187,0,75930
1348,-0.964,25,0,75955
1349,-0.9790000000000001,80,0,76035
1350,-0.9690000000000001,110,0,76145
1351,-1.0190000000000001,100,0,76245
1352,-1.0710000000000002,192,0,76437
1353,-0.928,49,0,76486
1354,-0.2200000000000002,300,0,76786
1355,-0.9530000000000001,94,0,76880
1356,-0.9339999999999999,15,0,76895
1357,-1.1440000000000001,265,0,77160
1358,-0.9560000000000001,37,0,77197
1359,-0.964,5,0,77202
1360,-1.1420000000000001,263,0,77465
1361,0.8679999999999999,93,1,77558
1362,-0.9590000000000001,120,0,77678
1363,-0.984,5,0,77683
1364,-0.9790000000000001,100,0,77783
1365,-0.9470000000000001,48,0,77831
1366,-0.861,42,0,77873
1367,-1.0090000000000001,110,0,77983
1368,-0.915,16,0,77999
1369,-0.964,5,0,78004
1370,0.8679999999999999,93,1,78097
1371,-0.883,24,0,78121
1372,-0.985,6,0,78127
1373,-0.9490000000000001,110,0,78237
1374,-0.901,42,0,78279
1375,-0.866,27,0,78306
1376,-0.975,16,0,78322
1377,-0.9440000000000001,45,0,78367
1378,-0.911,32,0,78399
1379,0.5279999999999998,178,1,78577
1380,-0.982,3,0,78580
1381,-0.9490000000000001,90,0,78670
1382,-0.881,22,0,78692
1383,-0.913,34,0,78726
1384,0.8839999999999999,89,1,78815
1385,-0.9690000000000001,70,0,78885
1386,-0.954,35,0,78920
1387,-0.923,44,0,78964
1388,-0.916,17,0,78981
1389,-0.892,13,0,78994
1390,-0.924,105,0,79099
1391,-0.913,54,0,79153
1392,-0.92,81,0,79234
1393,0.94,75,1,79309
1394,-1.0650000000000002,166,0,79475
1395,-1.1410000000000002,262,0,79737
1396,-0.20000000000000026,300,0,80037
1397,-1.0190000000000001,80,0,80117
1398,-1.024,105,0,80222
1399,-1.0290000000000001,190,0,80412
1400,-0.968,9,0,80421
1401,-0.974,15,0,80436
1402,-0.9790000000000001,100,0,80536
1403,-0.9450000000000001,46,0,80582
1404,-0.973,14,0,80596
1405,-1.012,113,0,80709
1406,-1.1070000000000002,168,0,80877
1407,-1.008,129,0,81006
1408,-0.928,49,0,81055
1409,-0.917,38,0,81093
1410,-0.9279999999999999,9,0,81102
1411,-1.0090000000000001,190,0,81292
1412,-1.0170000000000001,118,0,81410
1413,-1.1190000000000002,260,0,81670
1414,-1.0150000000000001,116,0,81786
1415,-0.9790000000000001,120,0,81906
1416,-0.987,8,0,81914
1417,-0.9790000000000001,120,0,82034
1418,-0.987,8,0,82042
1419,-0.977,18,0,82060
1420,-0.903,44,0,82104
1421,-1.026,107,0,82211
1422,-1.036,177,0,82388
1423,-0.919,120,0,82508
1424,-0.9390000000000001,60,0,82568
1425,-0.9490000000000001,110,0,82678
1426,-0.984,5,0,82683
1427,-0.964,5,0,82688
1428,-0.9590000000000001,60,0,82748
1429,-0.9790000000000001,60,0,82808
1430,-0.984,5,0,82813
1431,-0.9560000000000001,97,0,82910
1432,-0.9590000000000001,60,0,82970
1433,-0.987,8,0,82978
1434,-1.0430000000000001,84,0,83062
1435,-0.983,4,0,83066
1436,-0.9890000000000001,110,0,83176
1437,-0.9780000000000001,119,0,83295
1438,-1.1290000000000002,250,0,83545
1439,-0.923,24,0,83569
1440,-0.971,12,0,83581
1441,-1.0990000000000002,220,0,83801
1442,-1.084,185,0,83986
1443,-0.9390000000000001,40,0,84026
1444,-1.0090000000000001,90,0,84116
1445,-1.1840000000000002,225,0,84341
1446,-0.9580000000000001,39,0,84380
1447,-0.953,14,0,84394
1448,-0.983,4,0,84398
1449,-1.078,199,0,84597
1450,-0.9390000000000001,120,0,84717
1451,-0.901,42,0,84759
1452,-1.1110000000000002,252,0,85011
1453,-0.9590000000000001,120,0,85131
1454,-0.963,24,0,85155
1455,-0.964,5,0,85160
1456,-1.012,113,0,85273
1457,-0.901,42,0,85315
1458,-0.8580000000000001,39,0,85354
1459,-0.937,58,0,85412
1460,-0.952,13,0,85425
1461,-0.966,27,0,85452
1462,-0.9590000000000001,120,0,85572
1463,-0.985,6,0,85578
1464,-0.955,16,0,85594
1465,-1.1190000000000002,260,0,85854
1466,-0.889,50,0,85904
1467,-1.0710000000000002,192,0,86096
1468,-0.18000000000000022,300,0,86396
1469,-1.114,255,0,86651
1470,-0.976,17,0,86668
1471,0.8759999999999999,91,1,86759
1472,-0.908,29,0,86788
1473,-1.1460000000000001,267,0,87055
1474,-1.0470000000000002,88,0,87143
1475,-1.1750000000000003,236,0,87379
1476,-0.9990000000000001,120,0,87499
1477,-0.9790000000000001,120,0,87619
1478,-0.2000000000000002,300,0,87919
1479,-0.95,11,0,87930
1480,-0.966,27,0,87957
1481,-1.1190000000000002,260,0,88217
1482,-0.18000000000000022,300,0,88517
1483,-1.0930000000000002,234,0,88751
1484,-0.9590000000000001,120,0,88871
1485,-0.18000000000000022,300,0,89171
1486,-0.909,50,0,89221
1487,-0.9890000000000001,110,0,89331
1488,-0.923,24,0,89355
1489,-1.004,125,0,89480
1490,-1.0450000000000002,186,0,89666
1491,-0.9690000000000001,110,0,89776
1492,-0.9610000000000001,22,0,89798
1493,-1.0490000000000002,190,0,89988
1494,-0.908,29,0,90017
1495,-0.9840000000000001,185,0,90202
1496,-0.9520000000000001,73,0,90275
1497,-1.0970000000000002,178,0,90453
1498,-0.9690000000000001,70,0,90523
1499,-0.2000000000000002,300,0,90823
1500,-1.0310000000000001,232,0,91055
1501,-0.983,4,0,91059
1502,-1.0290000000000001,170,0,91229
1503,-1.0050000000000001,126,0,91355
1504,-0.9340000000000002,95,0,91450
1505,-0.906,47,0,91497
1506,-0.9640000000000001,165,0,91662
1507,-1.0090000000000001,170,0,91832
1508,-0.978,19,0,91851
1509,-0.871,52,0,91903
1510,-1.07,231,0,92134
1511,-1.074,195,0,92329
1512,-0.936,57,0,92386
1513,-0.9390000000000001,80,0,92466
1514,-0.18000000000000024,300,0,92766
1515,-1.1090000000000002,250,0,93016
1516,-1.1560000000000001,257,0,93273
1517,-0.909,30,0,93303
1518,-1.0080000000000002,129,0,93432
1519,-0.932,13,0,93445
1520,-0.857,38,0,93483
1521,-0.8490000000000001,50,0,93533
1522,-0.8500000000000001,51,0,93584
1523,-1.0030000000000001,124,0,93708
1524,-0.932,13,0,93721
1525,-0.902,23,0,93744
1526,-0.8540000000000001,35,0,93779
1527,-0.917,38,0,93817
1528,-0.9890000000000001,90,0,93907
1529,-0.9400000000000001,101,0,94008
1530,-0.899,20,0,94028
1531,-0.18000000000000024,300,0,94328
1532,-0.896,17,0,94345
1533,-0.22000000000000028,300,0,94645
1534,-0.9380000000000001,59,0,94704
1535,0.9199999999999999,80,1,94784
1536,-1.1290000000000002,250,0,95034
1537,-0.914,95,0,95129
1538,-0.9700000000000001,71,0,95200
1539,-0.857,38,0,95238
1540,-0.18000000000000022,300,0,95538
1541,-0.845,46,0,95584
1542,-0.919,40,0,95624
1543,-0.917,18,0,95642
1544,-0.1600000000000002,300,0,95942
1545,-1.1450000000000002,266,0,96208
1546,-0.968,9,0,96217
1547,-1.0790000000000002,220,0,96437
1548,-0.9810000000000001,82,0,96519
1549,-1.0490000000000002,190,0,96709
1550,-0.884,25,0,96734
1551,-0.932,53,0,96787
1552,-0.9580000000000001,39,0,96826
1553,-1.0,81,0,96907
1554,-0.952,13,0,96920
1555,-1.02,181,0,97101
1556,-0.919,80,0,97181
1557,-0.931,12,0,97193
1558,-0.873,14,0,97207
1559,-0.9760000000000001,117,0,97324
1560,-0.924,85,0,97409
1561,-1.006,127,0,97536
1562,-0.9790000000000001,60,0,97596
1563,-0.892,13,0,97609
1564,-0.9820000000000001,63,0,97672
1565,-0.9230000000000002,84,0,97756
1566,-0.936,17,0,97773
1567,-1.006,127,0,97900
1568,-0.9570000000000001,18,0,97918
1569,-1.01,111,0,98029
1570,-0.919,120,0,98149
1571,-0.912,33,0,98182
1572,-0.865,26,0,98208
1573,-0.887,28,0,98236
1574,-0.851,32,0,98268
1575,1.028,53,1,98321
1576,-0.9790000000000001,120,0,98441
1577,-0.889,50,0,98491
1578,-0.914,35,0,98526
1579,-0.875,16,0,98542
1580,-0.863,24,0,98566
1581,-0.968,9,0,98575
1582,-0.937,58,0,98633
1583,-0.908,29,0,98662
1584,0.9039999999999999,84,1,98746
1585,-0.93,51,0,98797
1586,-0.9590000000000001,120,0,98917
1587,-0.906,47,0,98964
1588,-0.889,50,0,99014
1589,-0.985,6,0,99020
1590,-0.964,25,0,99045
1591,-0.9410000000000001,22,0,99067
1592,-0.93,111,0,99178
1593,-0.16000000000000014,300,0,99478
1594,-0.16000000000000025,300,0,99778
1595,-1.094,175,0,99953
1596,-0.9890000000000001,170,0,100123
1597,-0.889,50,0,100173
1598,-0.968,29,0,100202
1599,-0.9510000000000001,32,0,100234
1600,-0.985,6,0,100240
1601,-0.93,111,0,100351
1602,-1.0030000000000001,124,0,100475
1603,-0.886,47,0,100522
1604,-0.9790000000000001,120,0,100642
1605,-0.8580000000000001,39,0,100681
1606,-1.032,173,0,100854
1607,-1.006,127,0,100981
1608,-0.9690000000000001,110,0,101091
1609,0.8999999999999999,85,1,101176
1610,-1.024,85,0,101261
1611,-1.0190000000000001,180,0,101441
1612,-0.9550000000000001,36,0,101477
1613,-0.929,70,0,101547
1614,-0.966,27,0,101574
1615,-1.0290000000000001,70,0,101644
1616,-1.064,65,0,101709
1617,-0.9390000000000001,80,0,101789
1618,-0.9390000000000001,80,0,101869
1619,-0.968,9,0,101878
1620,-0.9390000000000001,80,0,101958
1621,-0.987,8,0,101966
1622,-0.982,3,0,101969
1623,-0.935,56,0,102025
1624,-0.988,9,0,102034
1625,-0.973,14,0,102048
1626,-0.9550000000000001,16,0,102064
1627,-0.919,80,0,102144
1628,-0.919,40,0,102184
1629,-0.983,4,0,102188
1630,-0.983,4,0,102192
1631,-0.983,4,0,102196
1632,-0.9590000000000001,120,0,102316
1633,-0.982,3,0,102319
1634,-0.9550000000000001,16,0,102335
1635,-0.985,6,0,102341
1636,-0.9520000000000001,113,0,102454
1637,-0.884,45,0,102499
1638,-0.913,14,0,102513
1639,0.9359999999999999,76,1,102589
1640,-0.866,27,0,102616
1641,-0.9390000000000002,120,0,102736
1642,-0.93,51,0,102787
1643,-0.952,13,0,102800
1644,-0.883,44,0,102844
1645,-0.889,50,0,102894
1646,-0.9190000000000002,120,0,103014
1647,0.9159999999999999,81,1,103095
1648,-0.9190000000000002,120,0,103215
1649,-0.919,100,0,103315
1650,-0.909,110,0,103425
1651,-0.926,7,0,103432
1652,-0.898,19,0,103451
1653,-0.954,15,0,103466
1654,-0.966,7,0,103473
1655,-0.999,60,0,103533
1656,-1.0,121,0,103654
1657,-0.8190000000000001,40,0,103694
1658,-0.919,100,0,103794
1659,-1.0390000000000001,60,0,103854
1660,-0.936,97,0,103951
1661,-0.874,35,0,103986
1662,-1.0690000000000002,230,0,104216
1663,-0.9990000000000001,120,0,104336
1664,-0.919,100,0,104436
1665,-0.9790000000000001,100,0,104536
1666,-0.899,100,0,104636
1667,-0.909,70,0,104706
1668,-1.0990000000000002,260,0,104966
1669,-1.0390000000000001,60,0,105026
1670,-0.92,61,0,105087
1671,-0.918,39,0,105126
1672,-0.919,80,0,105206
1673,-1.018,119,0,105325
1674,-0.909,50,0,105375
1675,-0.872,33,0,105408
1676,1.016,56,1,105464
1677,-0.9740000000000001,115,0,105579
1678,-0.20000000000000023,300,0,105879
1679,-1.1190000000000002,260,0,106139
1680,-0.08000000000000028,300,0,106439
1681,-0.8190000000000001,40,0,106479
1682,-0.9390000000000001,120,0,106599
1683,-0.954,15,0,106614
1684,0.5719999999999998,167,1,106781
1685,-0.08000000000000025,300,0,107081
1686,-1.0150000000000001,116,0,107197
1687,-1.0070000000000001,128,0,107325
1688,-0.93,51,0,107376
1689,-0.936,57,0,107433
1690,-0.916,37,0,107470
1691,-1.1460000000000001,267,0,107737
1692,-0.9790000000000001,120,0,107857
1693,-1.0700000000000003,191,0,108048
1694,-0.9920000000000001,173,0,108221
1695,0.5519999999999998,172,1,108393
1696,-0.904,45,0,108438
1697,-1.0290000000000001,170,0,108608
1698,-0.9480000000000001,49,0,108657
1699,-0.857,38,0,108695
1700,-0.9580000000000001,99,0,108794
1701,-0.8210000000000001,22,0,108816
1702,-1.078,199,0,109015
1703,-0.86,21,0,109036
1704,-0.933,54,0,109090
1705,-0.809,30,0,109120
1706,-0.849,30,0,109150
1707,-0.911,12,0,109162
1708,-0.869,30,0,109192
1709,-0.982,3,0,109195
1710,-0.879,20,0,109215
1711,-0.919,20,0,109235
1712,-0.879,20,0,109255
1713,-0.919,100,0,109355
1714,-0.9570000000000001,98,0,109453
1715,-0.879,20,0,109473
1716,-0.9500000000000001,111,0,109584
1717,-0.16000000000000025,300,0,109884
1718,-0.9480000000000001,49,0,109933
1719,-0.982,3,0,109936
1720,-1.1690000000000003,210,0,110146
1721,-0.9790000000000001,120,0,110266
1722,-0.919,40,0,110306
1723,-0.9390000000000001,60,0,110366
1724,-0.1800000000000002,300,0,110666
1725,-0.2400000000000002,300,0,110966
1726,-0.9390000000000001,100,0,111066
1727,-0.9580000000000001,39,0,111105
1728,-0.962,23,0,111128
1729,-0.9840000000000001,105,0,111233
1730,-1.1030000000000002,164,0,111397
1731,-1.0090000000000001,170,0,111567
1732,-0.899,20,0,111587
1733,-0.889,30,0,111617
1734,-0.889,30,0,111647
1735,-1.067,68,0,111715
1736,-0.8760000000000001,57,0,111772
1737,-0.869,30,0,111802
1738,-0.859,40,0,111842
1739,-1.061,62,0,111904
1740,-1.038,99,0,112003
1741,-0.909,90,0,112093
1742,-1.0090000000000001,90,0,112183
1743,-0.879,40,0,112223
1744,-0.879,40,0,112263
1745,-0.9790000000000001,100,0,112363
1746,-0.18000000000000024,300,0,112663
1747,-0.9339999999999999,15,0,112678
1748,-0.9590000000000001,120,0,112798
1749,-1.0290000000000001,170,0,112968
1750,-1.0,121,0,113089
1751,-1.0590000000000002,180,0,113269
1752,-0.929,30,0,113299
1753,-0.20000000000000026,300,0,113599
1754,-1.0090000000000001,90,0,113689
1755,-0.961,22,0,113711
1756,-0.885,26,0,113737
1757,-0.9590000000000001,100,0,113837
1758,-1.018,119,0,113956
1759,-0.9490000000000001,10,0,113966
1760,-1.0090000000000001,90,0,114056
1761,-0.982,3,0,114059
1762,-0.888,49,0,114108
1763,-0.841,42,0,114150
1764,-0.8900000000000001,111,0,114261
1765,-0.9460000000000001,47,0,114308
1766,0.8479999999999999,98,1,114406
1767,-0.859,40,0,114446
1768,-0.839,40,0,114486
1769,-0.839,40,0,114526
1770,-0.883,24,0,114550
1771,-0.9490000000000001,110,0,114660
1772,-0.9820000000000001,183,0,114843
1773,-0.929,30,0,114873
1774,-0.9890000000000001,90,0,114963
1775,-0.859,40,0,115003
1776,-1.0290000000000001,170,0,115173
1777,-1.008,129,0,115302
1778,-0.874,55,0,115357
1779,-0.9790000000000001,60,0,115417
1780,-0.9420000000000001,43,0,115460
1781,0.8839999999999999,89,1,115549
1782,0.9319999999999999,77,1,115626
1783,-0.9890000000000001,90,0,115716
1784,-0.8420000000000001,43,0,115759
1785,-0.923,24,0,115783
1786,-1.0390000000000001,180,0,115963
1787,-0.874,35,0,115998
1788,-0.879,40,0,116038
1789,-0.899,40,0,116078
1790,-0.976,17,0,116095
1791,0.8959999999999999,86,1,116181
1792,-0.909,50,0,116231
1793,0.6279999999999998,153,1,116384
1794,-0.869,50,0,116434
1795,0.9319999999999999,77,1,116511
1796,-0.9590000000000001,120,0,116631
1797,0.8039999999999999,109,1,116740
1798,-0.849,30,0,116770
1799,0.964,69,1,116839
1800,-0.9470000000000001,48,0,116887
1801,0.64,150,1,117037
1802,0.852,97,1,117134
1803,-0.9910000000000001,112,0,117246
1804,-0.889,30,0,117276
1805,-0.919,20,0,117296
1806,-0.9670000000000001,28,0,117324
1807,-0.903,104,0,117428
1808,-0.9640000000000001,185,0,117613
1809,-1.01,111,0,117724
1810,-0.9630000000000001,24,0,117748
1811,-0.9520000000000001,73,0,117821
1812,0.796,111,1,117932
1813,-0.9390000000000001,20,0,117952
1814,-0.889,30,0,117982
1815,-0.983,4,0,117986
1816,-1.0390000000000001,60,0,118046
1817,-0.929,30,0,118076
1818,-0.899,20,0,118096
1819,-0.935,56,0,118152
1820,-1.0390000000000001,60,0,118212
1821,-0.889,30,0,118242
1822,-1.0190000000000001,60,0,118302
1823,-1.0190000000000001,80,0,118382
1824,-0.999,60,0,118442
1825,-0.9490000000000001,110,0,118552
1826,-1.239,300,0,118852
1827,-0.934,55,0,118907
1828,-1.0090000000000001,70,0,118977
1829,-0.9490000000000001,10,0,118987
1830,-0.30000000000000027,300,0,119287
1831,-1.06,61,0,119348
1832,-1.1090000000000002,250,0,119598
1833,-0.999,60,0,119658
1834,-0.9790000000000001,120,0,119778
1835,-0.20000000000000023,300,0,120078
1836,-0.12000000000000023,300,0,120378
1837,-0.9890000000000001,190,0,120568
1838,0.8879999999999999,88,1,120656
1839,1.012,57,1,120713
1840,-1.086,187,0,120900
1841,-1.0990000000000002,260,0,121160
1842,0.9319999999999999,77,1,121237
1843,-1.006,127,0,121364
1844,-1.082,143,0,121507
1845,-0.946,27,0,121534
1846,-1.0490000000000002,190,0,121724
1847,-1.0250000000000001,106,0,121830
1848,-0.922,43,0,121873
1849,-0.909,10,0,121883
1850,-1.0030000000000001,124,0,122007
1851,-0.989,70,0,122077
1852,-0.2600000000000002,300,0,122377
1853,-1.016,117,0,122494
1854,-0.904,105,0,122599
1855,-1.1490000000000002,250,0,122849
1856,-1.006,127,0,122976
1857,-0.16000000000000025,300,0,123276
1858,-0.9390000000000001,100,0,123376
1859,-0.16000000000000025,300,0,123676
1860,-0.918,39,0,123715
1861,-0.9090000000000001,110,0,123825
1862,-0.9990000000000001,80,0,123905
1863,0.5879999999999999,163,1,124068
1864,-0.907,48,0,124116
1865,-0.985,6,0,124122
1866,-1.0990000000000002,140,0,124262
1867,-1.0190000000000001,80,0,124342
1868,-0.9490000000000001,110,0,124452
1869,-0.9430000000000001,44,0,124496
1870,-0.987,8,0,124504
1871,-0.93,51,0,124555
1872,-0.909,110,0,124665
1873,-0.8420000000000001,43,0,124708
1874,-0.937,38,0,124746
1875,-1.0090000000000001,70,0,124816
1876,-1.0090000000000001,110,0,124926
1877,-0.9190000000000002,100,0,125026
1878,-1.0330000000000001,94,0,125120
1879,-1.1310000000000002,232,0,125352
1880,-0.909,110,0,125462
1881,-0.9590000000000001,180,0,125642
1882,-1.0390000000000001,160,0,125802
1883,-1.1890000000000003,290,0,126092
1884,-1.1200000000000003,261,0,126353
1885,-0.20000000000000023,300,0,126653
1886,-0.9890000000000001,110,0,126763
1887,-0.889,110,0,126873
1888,-1.026,67,0,126940
1889,1.004,59,1,126999
1890,0.692,137,1,127136
1891,-0.952,33,0,127169
1892,-1.0490000000000002,190,0,127359
1893,-1.0690000000000002,150,0,127509
1894,0.8159999999999998,106,1,127615
1895,-1.0130000000000001,114,0,127729
1896,-0.96,21,0,127750
1897,0.8079999999999998,108,1,127858
1898,0.5439999999999998,174,1,128032
1899,-0.9460000000000001,47,0,128079
1900,-0.9590000000000001,120,0,128199
1901,-0.889,50,0,128249
1902,-0.9460000000000001,47,0,128296
1903,-0.909,50,0,128346
1904,0.8639999999999999,94,1,128440
1905,-0.9790000000000001,120,0,128560
1906,0.9039999999999999,84,1,128644
1907,-0.919,40,0,128684
1908,-0.927,48,0,128732
1909,-1.0390000000000001,180,0,128912
1910,-0.985,6,0,128918
1911,-0.9510000000000001,32,0,128950
1912,-1.0130000000000001,114,0,129064
1913,0.8439999999999999,99,1,129163
1914,-0.877,38,0,129201
1915,-0.944,25,0,129226
1916,-0.10000000000000024,300,0,129526
1917,-0.10000000000000023,300,0,129826
1918,-1.0150000000000001,116,0,129942
1919,-1.1470000000000002,268,0,130210
1920,-0.855,56,0,130266
1921,-0.968,29,0,130295
1922,-0.915,16,0,130311
1923,1.032,52,1,130363
1924,-0.9490000000000001,10,0,130373
1925,-0.968,29,0,130402
1926,-0.9990000000000001,120,0,130522
1927,-0.8970000000000001,98,0,130620
1928,-0.888,49,0,130669
1929,0.29199999999999976,237,1,130906
1930,-1.0490000000000002,190,0,131096
1931,-0.906,27,0,131123
1932,-0.8460000000000001,47,0,131170
1933,-0.895,36,0,131206
1934,-0.8290000000000001,50,0,131256
1935,-0.986,7,0,131263
1936,-0.955,16,0,131279
1937,-0.891,32,0,131311
1938,1.152,22,1,131333
1939,-0.975,16,0,131349
1940,-0.893,14,0,131363
1941,-0.886,47,0,131410
1942,0.952,72,1,131482
1943,-0.8890000000000001,110,0,131592
1944,-0.885,46,0,131638
1945,-0.992,73,0,131711
1946,-0.9790000000000001,120,0,131831
1947,-0.913,14,0,131845
1948,-0.899,80,0,131925
1949,-0.877,18,0,131943
1950,-0.919,20,0,131963
1951,-0.904,45,0,132008
1952,-0.893,34,0,132042
1953,-0.909,50,0,132092
1954,-0.909,90,0,132182
1955,0.6119999999999999,157,1,132339
1956,-0.9490000000000001,110,0,132449
1957,-1.108,169,0,132618
1958,-0.9380000000000001,59,0,132677
1959,-0.934,55,0,132732
1960,-0.97,11,0,132743
1961,-0.865,46,0,132789
1962,-0.9630000000000001,24,0,132813
1963,-0.9390000000000001,20,0,132833
1964,-0.904,45,0,132878
1965,-0.964,5,0,132883
1966,-0.986,7,0,132890
1967,-0.918,39,0,132929
1968,-0.9590000000000001,180,0,133109
1969,0.8999999999999999,85,1,133194
1970,-0.962,23,0,133217
1971,0.8839999999999999,89,1,133306
1972,-0.9040000000000001,105,0,133411
1973,0.3359999999999999,226,1,133637
1974,-0.9670000000000001,28,0,133665
1975,0.6639999999999999,144,1,133809
1976,-0.982,3,0,133812
1977,-0.894,35,0,133847
1978,0.944,74,1,133921
1979,-0.928,9,0,133930
1980,-0.909,110,0,134040
1981,0.8319999999999999,102,1,134142
1982,-0.983,4,0,134146
1983,-0.964,5,0,134151
1984,-0.929,30,0,134181
1985,-0.9080000000000001,109,0,134290
1986,-0.9540000000000001,35,0,134325
1987,-1.0810000000000002,182,0,134507
1988,-0.9550000000000001,16,0,134523
1989,-0.889,50,0,134573
1990,-0.96,21,0,134594
1991,-0.902,23,0,134617
1992,-0.984,5,0,134622
1993,0.6359999999999999,151,1,134773
1994,0.8319999999999999,102,1,134875
1995,-0.899,100,0,134975
1996,-0.983,4,0,134979
1997,-0.985,6,0,134985
1998,-0.983,4,0,134989
1999,0.8319999999999999,102,1,135091
2000,-0.8800000000000001,101,0,135192
2001,-0.899,40,0,135232
2002,-0.962,23,0,135255
2003,-0.9670000000000001,28,0,135283
2004,-0.899,100,0,135383
2005,-0.974,15,0,135398
2006,-0.932,13,0,135411
2007,-0.865,46,0,135457
2008,-0.8990000000000001,100,0,135557
2009,-0.893,94,0,135651
2010,-0.909,10,0,135661
2011,-0.93,11,0,135672
2012,-0.899,100,0,135772
2013,-1.03,91,0,135863
2014,-0.899,100,0,135963
2015,-0.8990000000000001,100,0,136063
2016,0.7919999999999998,112,1,136175
2017,-0.856,37,0,136212
2018,-0.8890000000000001,110,0,136322
2019,-0.909,90,0,136412
2020,0.5159999999999998,181,1,136593
2021,-0.929,90,0,136683
2022,0.952,72,1,136755
2023,-0.9690000000000002,170,0,136925
2024,-0.9590000000000001,120,0,137045
2025,-0.895,36,0,137081
2026,-0.969,10,0,137091
2027,-0.916,17,0,137108
2028,-0.899,100,0,137208
2029,-0.929,70,0,137278
2030,-0.911,12,0,137290
2031,-0.929,70,0,137360
2032,0.9199999999999999,80,1,137440
2033,-0.9390000000000001,60,0,137500
2034,-0.934,15,0,137515
2035,-0.9790000000000001,120,0,137635
2036,-0.907,8,0,137643
2037,-0.937,58,0,137701
2038,-0.8990000000000001,100,0,137801
2039,-0.878,39,0,137840
2040,0.8239999999999998,104,1,137944
2041,0.8239999999999998,104,1,138048
2042,-0.8820000000000001,103,0,138151
2043,-1.1190000000000002,260,0,138411
2044,-0.9,81,0,138492
2045,-0.957,18,0,138510
2046,-0.9070000000000001,108,0,138618
2047,-0.9,21,0,138639
2048,0.796,111,1,138750
2049,-0.867,28,0,138778
2050,-0.934,15,0,138793
2051,-0.8890000000000001,110,0,138903
2052,-0.10000000000000024,300,0,139203
2053,-0.953,14,0,139217
2054,-0.909,10,0,139227
2055,-0.9850000000000001,106,0,139333
2056,0.952,72,1,139405
2057,-0.9870000000000001,168,0,139573
2058,-0.9490000000000001,10,0,139583
2059,0.812,107,1,139690
2060,-0.909,110,0,139800
2061,-0.97,11,0,139811
2062,-1.0090000000000001,70,0,139881
2063,-0.938,19,0,139900
2064,-0.904,45,0,139945
2065,-0.875,36,0,139981
2066,-0.9410000000000001,62,0,140043
2067,-0.856,37,0,140080
2068,-0.946,27,0,140107
2069,-0.929,90,0,140197
2070,-0.9690000000000001,70,0,140267
2071,-0.9650000000000001,26,0,140293
2072,-0.979,60,0,140353
2073,0.8159999999999998,106,1,140459
2074,-0.929,90,0,140549
2075,-1.068,69,0,140618
2076,-1.1190000000000002,260,0,140878
2077,-0.14000000000000024,300,0,141178
2078,-0.9390000000000001,60,0,141238
2079,-0.9890000000000001,70,0,141308
2080,-0.2000000000000003,300,0,141608
2081,-0.9480000000000001,49,0,141657
2082,-0.9390000000000001,60,0,141717
2083,-0.929,70,0,141787
2084,-0.9390000000000001,20,0,141807
2085,-0.10000000000000017,300,0,142107
2086,-1.0250000000000001,106,0,142213
2087,-0.971,12,0,142225
2088,-0.929,70,0,142295
2089,-0.9390000000000001,60,0,142355
2090,-1.0190000000000001,60,0,142415
2091,-1.002,123,0,142538
2092,-0.9390000000000001,100,0,142638
2093,-0.978,19,0,142657
2094,-1.112,153,0,142810
2095,-0.9580000000000001,39,0,142849
2096,-0.999,60,0,142909
2097,-0.971,12,0,142921
2098,-1.0090000000000001,70,0,142991
2099,-0.9390000000000001,60,0,143051
2100,-0.9890000000000001,70,0,143121
2101,-0.978,19,0,143140
2102,-0.999,60,0,143200
2103,-1.0310000000000001,92,0,143292
2104,-1.0390000000000001,60,0,143352
2105,-0.9400000000000001,61,0,143413
2106,-0.9490000000000001,90,0,143503
2107,-0.0800000000000002,300,0,143803
2108,-1.0290000000000001,130,0,143933
2109,-0.9390000000000001,60,0,143993
2110,0.944,74,1,144067
2111,-1.0490000000000002,150,0,144217
2112,-1.0670000000000002,68,0,144285
2113,0.5959999999999999,161,1,144446
2114,-0.9490000000000001,70,0,144516
2115,-0.14000000000000026,300,0,144816
2116,-1.0020000000000002,183,0,144999
2117,0.29199999999999976,237,1,145236
2118,0.30399999999999977,234,1,145470
2119,-0.928,49,0,145519
2120,-0.9510000000000001,12,0,145531
2121,-0.918,19,0,145550
2122,0.9159999999999999,81,1,145631
2123,0.9959999999999999,61,1,145692
2124,-0.915,36,0,145728
2125,-0.9390000000000001,120,0,145848
2126,-0.9790000000000001,80,0,145928
2127,0.9479999999999998,73,1,146001
2128,-0.9990000000000001,100,0,146101
2129,-0.9490000000000001,70,0,146171
2130,-0.9390000000000001,120,0,146291
2131,0.952,72,1,146363
2132,-0.987,8,0,146371
2133,-0.8910000000000001,112,0,146483
2134,-0.929,70,0,146553
2135,-0.873,54,0,146607
2136,-0.982,3,0,146610
2137,-0.8990000000000001,120,0,146730
2138,-0.9890000000000001,190,0,146920
2139,0.8639999999999999,94,1,147014
2140,-0.9430000000000001,44,0,147058
2141,0.8520000000000001,97,1,147155
2142,-0.909,110,0,147265
2143,-0.929,70,0,147335
2144,0.8399999999999999,100,1,147435
2145,0.9079999999999999,83,1,147518
2146,-0.9390000000000001,120,0,147638
2147,-1.0990000000000002,140,0,147778
2148,-0.919,80,0,147858
2149,-0.9390000000000001,60,0,147918
2150,-0.9390000000000001,60,0,147978
2151,-0.9390000000000001,60,0,148038
2152,-0.3000000000000002,300,0,148338
2153,0.27999999999999975,240,1,148578
2154,-0.12000000000000031,300,0,148878
2155,-0.929,70,0,148948
2156,-0.9690000000000001,90,0,149038
2157,-0.8990000000000001,120,0,149158
2158,0.5879999999999999,163,1,149321
2159,0.992,62,1,149383
2160,-0.9390000000000001,60,0,149443
2161,-0.929,70,0,149513
2162,-0.865,26,0,149539
2163,-0.9790000000000001,180,0,149719
2164,-1.0090000000000001,190,0,149909
2165,-0.18000000000000027,300,0,150209
2166,-0.917,58,0,150267
2167,0.5359999999999999,176,1,150443
2168,-0.962,23,0,150466
2169,-1.006,127,0,150593
2170,-0.2600000000000002,300,0,150893
2171,-1.0090000000000001,90,0,150983
2172,-0.863,24,0,151007
2173,-0.9390000000000001,20,0,151027
2174,-0.24000000000000016,300,0,151327
2175,-1.1390000000000002,240,0,151567
2176,-1.102,163,0,151730
2177,-0.9590000000000001,100,0,151830
2178,-1.089,130,0,151960
2179,-0.927,48,0,152008
2180,-0.2400000000000002,300,0,152308
2181,-1.2710000000000001,272,0,152580
2182,-0.2000000000000002,300,0,152880
2183,-1.2390000000000003,280,0,153160
2184,-0.966,27,0,153187
2185,-0.30000000000000027,300,0,153487
2186,-0.9890000000000001,110,0,153597
2187,-1.0190000000000001,60,0,153657
2188,-0.28000000000000025,300,0,153957
2189,-0.955,16,0,153973
2190,-0.958,39,0,154012
2191,-0.897,38,0,154050
2192,1.036,51,1,154101
2193,-0.2600000000000002,300,0,154401
2194,-0.24000000000000024,300,0,154701
2195,-0.2800000000000003,300,0,155001
2196,-1.1390000000000002,240,0,155241
2197,-0.885,46,0,155287
2198,-0.14000000000000026,300,0,155587
2199,-1.1130000000000002,154,0,155741
2200,-1.0390000000000001,260,0,156001
2201,-0.909,50,0,156051
2202,-1.0330000000000001,94,0,156145
2203,-0.986,7,0,156152
2204,-0.9390000000000001,20,0,156172
2205,0.9119999999999999,82,1,156254
2206,-1.0210000000000001,102,0,156356
2207,-0.9470000000000001,28,0,156384
2208,-0.2600000000000002,300,0,156684
2209,-0.9410000000000001,22,0,156706
2210,-0.9590000000000001,120,0,156826
2211,-0.925,46,0,156872
2212,-0.975,16,0,156888
2213,-0.2400000000000002,300,0,157188
2214,-1.088,189,0,157377
2215,0.8999999999999999,85,1,157462
2216,-1.1190000000000002,260,0,157722
2217,-0.9590000000000001,60,0,157782
2218,-1.0090000000000001,70,0,157852
2219,-0.18000000000000022,300,0,158152
2220,-1.0390000000000001,60,0,158212
2221,-0.964,25,0,158237
2222,-1.0390000000000001,160,0,158397
2223,-1.058,79,0,158476
2224,-1.0390000000000001,60,0,158536
2225,-0.9550000000000001,16,0,158552
2226,-1.1050000000000002,166,0,158718
2227,-1.1990000000000003,300,0,159018
2228,-0.9690000000000001,70,0,159088
2229,-1.1420000000000001,263,0,159351
2230,-0.9690000000000001,90,0,159441
2231,-0.962,23,0,159464
2232,-0.971,12,0,159476
2233,-0.971,12,0,159488
2234,-0.984,5,0,159493
2235,-0.929,110,0,159603
2236,-0.982,3,0,159606
2237,-0.986,7,0,159613
2238,-1.1230000000000002,244,0,159857
2239,-1.1470000000000002,268,0,160125
2240,-1.0090000000000001,90,0,160215
2241,-0.10000000000000024,300,0,160515
2242,-0.9480000000000001,49,0,160564
2243,-0.14000000000000024,300,0,160864
2244,-0.935,56,0,160920
2245,-0.14000000000000026,300,0,161220
2246,0.5279999999999999,178,1,161398
2247,-0.984,5,0,161403
2248,-1.1560000000000001,257,0,161660
2249,-0.9790000000000001,120,0,161780
2250,-0.896,37,0,161817
2251,-1.1470000000000002,268,0,162085
2252,-0.931,92,0,162177
2253,-1.0290000000000001,190,0,162367
2254,-0.9920000000000001,73,0,162440
2255,0.8319999999999999,102,1,162542
2256,-0.875,36,0,162578
2257,-0.986,7,0,162585
2258,-0.24000000000000019,300,0,162885
2259,-0.22000000000000025,300,0,163185
2260,-0.956,17,0,163202
2261,-1.044,85,0,163287
2262,-0.9510000000000001,72,0,163359
2263,-0.934,15,0,163374
2264,-0.954,35,0,163409
2265,-1.185,226,0,163635
2266,-0.983,4,0,163639
2267,-0.2400000000000002,300,0,163939
2268,-0.2200000000000002,300,0,164239
2269,0.8879999999999999,88,1,164327
2270,-1.0290000000000001,190,0,164517
2271,-0.988,9,0,164526
2272,-0.985,6,0,164532
2273,-1.0390000000000001,160,0,164692
2274,-0.93,91,0,164783
2275,-0.878,39,0,164822
2276,-0.929,90,0,164912
2277,0.6479999999999999,148,1,165060
2278,-0.9390000000000001,120,0,165180
2279,-0.9390000000000001,20,0,165200
2280,-0.9410000000000001,82,0,165282
2281,-0.966,27,0,165309
2282,-0.9690000000000001,90,0,165399
2283,-0.9460000000000001,47,0,165446
2284,-0.9990000000000001,80,0,165526
2285,-0.9570000000000001,38,0,165564
2286,-0.24000000000000019,300,0,165864
2287,-0.8490000000000001,50,0,165914
2288,-0.919,80,0,165994
2289,-0.9690000000000001,90,0,166084
2290,-1.0390000000000001,160,0,166244
2291,-0.9690000000000001,90,0,166334
2292,-0.9390000000000001,80,0,166414
2293,-0.9460000000000001,47,0,166461
2294,-0.909,90,0,166551
2295,-0.921,62,0,166613
2296,-0.897,58,0,166671
2297,-0.96,21,0,166692
2298,-0.932,13,0,166705
2299,-0.9590000000000001,80,0,166785
2300,0.9119999999999999,82,1,166867
2301,-0.9410000000000001,82,0,166949
2302,-0.9390000000000001,120,0,167069
2303,-1.0390000000000001,160,0,167229
2304,-0.929,70,0,167299
2305,-0.9690000000000001,70,0,167369
2306,-1.0390000000000001,160,0,167529
2307,-1.1390000000000002,220,0,167749
2308,0.6279999999999999,153,1,167902
2309,-0.929,90,0,167992
2310,-0.9790000000000001,80,0,168072
2311,-0.895,56,0,168128
2312,-0.9390000000000001,100,0,168228
2313,-0.9490000000000001,90,0,168318
2314,-0.9540000000000001,35,0,168353
2315,-0.984,5,0,168358
2316,-0.929,70,0,168428
2317,-0.9590000000000001,120,0,168548
2318,-0.934,55,0,168603
2319,-1.1190000000000002,260,0,168863
2320,0.8159999999999998,106,1,168969
2321,-0.9890000000000001,110,0,169079
2322,-0.9890000000000001,110,0,169189
2323,-1.016,157,0,169346
2324,-0.929,90,0,169436
2325,-0.12000000000000027,300,0,169736
2326,-0.9490000000000001,110,0,169846
2327,-0.9460000000000001,47,0,169893
2328,-0.983,4,0,169897
2329,-0.984,5,0,169902
2330,-0.9450000000000001,46,0,169948
2331,-0.978,19,0,169967
2332,-0.954,35,0,170002
2333,-0.968,9,0,170011
2334,-0.964,5,0,170016
2335,-0.26000000000000023,300,0,170316
2336,-0.9490000000000001,70,0,170386
2337,-1.1290000000000002,250,0,170636
2338,-0.22000000000000025,300,0,170936
2339,-1.0690000000000002,250,0,171186
2340,-0.9890000000000001,110,0,171296
2341,-0.9400000000000001,41,0,171337
2342,-0.857,38,0,171375
2343,-1.086,187,0,171562
2344,-0.9290000000000002,110,0,171672
2345,-0.9490000000000001,70,0,171742
2346,-1.0190000000000001,140,0,171882
2347,-0.886,47,0,171929
2348,-0.986,7,0,171936
2349,-0.9990000000000001,180,0,172116
2350,-0.861,42,0,172158
2351,-1.024,145,0,172303
2352,-1.0090000000000001,170,0,172473
2353,-1.0290000000000001,170,0,172643
2354,-0.929,110,0,172753
2355,-0.902,23,0,172776
2356,0.8639999999999999,94,1,172870
2357,-0.929,110,0,172980
2358,-0.931,12,0,172992
2359,-0.9790000000000001,120,0,173112
2360,-1.0890000000000002,210,0,173322
2361,-0.8740000000000001,55,0,173377
2362,-0.9450000000000001,6,0,173383
2363,-0.898,19,0,173402
2364,-1.0030000000000001,124,0,173526
2365,-0.937,18,0,173544
2366,-0.9450000000000001,6,0,173550
2367,-0.9690000000000001,90,0,173640
2368,-0.9990000000000001,100,0,173740
2369,-0.947,8,0,173748
2370,-0.905,46,0,173794
2371,-1.012,113,0,173907
2372,-0.929,110,0,174017
2373,-0.9890000000000001,70,0,174087
2374,-1.0490000000000002,150,0,174237
2375,-1.0470000000000002,88,0,174325
2376,-0.9460000000000001,47,0,174372
2377,-0.933,94,0,174466
2378,-0.9590000000000001,60,0,174526
2379,-0.982,3,0,174529
2380,-1.0650000000000002,186,0,174715
2381,-0.969,10,0,174725
2382,-1.0210000000000001,102,0,174827
2383,-0.9690000000000001,170,0,174997
2384,-1.0370000000000001,98,0,175095
2385,-0.10000000000000024,300,0,175395
2386,-0.24000000000000024,300,0,175695
2387,-1.175,236,0,175931
2388,-1.0690000000000002,250,0,176181
2389,-0.24000000000000024,300,0,176481
2390,-1.036,97,0,176578
2391,-0.9590000000000001,60,0,176638
2392,-0.977,18,0,176656
2393,-1.064,65,0,176721
2394,-0.982,3,0,176724
2395,-1.0250000000000001,106,0,176830
2396,-0.24000000000000019,300,0,177130
2397,-1.1090000000000002,250,0,177380
2398,-0.2200000000000002,300,0,177680
2399,-1.02,101,0,177781
2400,-0.999,60,0,177841
2401,-0.1800000000000002,300,0,178141
2402,-0.976,17,0,178158
2403,-0.9520000000000001,33,0,178191
2404,-0.9790000000000001,120,0,178311
2405,-0.984,5,0,178316
2406,-0.9480000000000001,49,0,178365
2407,-0.935,116,0,178481
2408,0.9039999999999999,84,1,178565
2409,-0.9430000000000001,44,0,178609
2410,-0.974,15,0,178624
2411,0.8759999999999999,91,1,178715
2412,-0.9790000000000002,180,0,178895
2413,-0.922,43,0,178938
2414,-0.9570000000000001,38,0,178976
2415,0.8879999999999999,88,1,179064
2416,-0.9720000000000001,113,0,179177
2417,-1.1050000000000002,246,0,179423
2418,-0.919,100,0,179523
2419,-0.962,23,0,179546
2420,-0.956,37,0,179583
2421,-1.008,129,0,179712
2422,-1.0090000000000001,90,0,179802
2423,-0.987,8,0,179810
2424,0.5239999999999998,179,1,179989
2425,-0.9990000000000001,100,0,180089
2426,-1.0890000000000002,150,0,180239
2427,-1.0790000000000002,160,0,180399
2428,-0.2400000000000002,300,0,180699
2429,-0.922,23,0,180722
2430,-0.967,28,0,180750
2431,-0.30000000000000027,300,0,181050
2432,-1.169,230,0,181280
2433,-1.2190000000000003,300,0,181580
2434,-1.1990000000000003,280,0,181860
2435,-1.0390000000000001,60,0,181920
2436,-0.9790000000000001,120,0,182040
2437,-0.28000000000000025,300,0,182340
2438,-1.0910000000000002,172,0,182512
2439,-1.1400000000000001,261,0,182773
2440,-1.1070000000000002,168,0,182941
2441,-0.952,13,0,182954
2442,-0.9590000000000001,120,0,183074
2443,-0.20000000000000032,300,0,183374
2444,-0.982,3,0,183377
2445,-0.982,3,0,183380
2446,-1.0310000000000001,92,0,183472
2447,-0.933,34,0,183506
2448,-0.16000000000000023,300,0,183806
2449,-1.006,107,0,183913
2450,-0.976,17,0,183930
2451,-0.9440000000000001,25,0,183955
2452,-0.18000000000000024,300,0,184255
2453,-0.9440000000000001,25,0,184280
2454,-0.972,13,0,184293
2455,-0.987,8,0,184301
2456,-0.2000000000000002,300,0,184601
2457,-1.0730000000000002,194,0,184795
2458,-0.2200000000000002,300,0,185095
2459,-0.2000000000000002,300,0,185395
2460,-0.18000000000000024,300,0,185695
2461,-0.879,40,0,185735
2462,-0.18000000000000024,300,0,186035
2463,-0.9450000000000001,46,0,186081
2464,-1.0010000000000001,122,0,186203
2465,-1.1410000000000002,262,0,186465
2466,-1.1290000000000002,250,0,186715
2467,-0.2400000000000002,300,0,187015
2468,-0.18000000000000024,300,0,187315
2469,-0.20000000000000023,300,0,187615
2470,-1.0490000000000002,190,0,187805
2471,-0.24000000000000019,300,0,188105
2472,-0.18000000000000024,300,0,188405
2473,-0.929,50,0,188455
2474,-0.902,43,0,188498
2475,-0.18000000000000022,300,0,188798
2476,-0.18000000000000022,300,0,189098
2477,-0.18000000000000024,300,0,189398
2478,-0.9530000000000001,34,0,189432
2479,-1.014,115,0,189547
2480,-0.22000000000000022,300,0,189847
2481,-0.9630000000000001,24,0,189871
2482,-0.22000000000000022,300,0,190171
2483,-0.22000000000000022,300,0,190471
2484,-1.1480000000000001,269,0,190740
2485,-0.20000000000000023,300,0,191040
2486,-1.008,129,0,191169
2487,-0.18000000000000027,300,0,191469
2488,-0.22000000000000022,300,0,191769
2489,-0.18000000000000022,300,0,192069
2490,-0.18000000000000022,300,0,192369
2491,-1.1090000000000002,250,0,192619
2492,-0.9460000000000001,47,0,192666
2493,-0.859,40,0,192706
2494,-1.0190000000000001,60,0,192766
2495,-0.924,45,0,192811
2496,-1.1630000000000003,244,0,193055
2497,-0.964,5,0,193060
2498,-0.9690000000000001,110,0,193170
2499,-0.9490000000000001,110,0,193280
2500,-1.1680000000000001,249,0,193529
2501,-0.988,9,0,193538
2502,-0.22000000000000022,300,0,193838
2503,-1.048,89,0,193927
2504,-1.0050000000000001,126,0,194053
2505,-1.0010000000000001,122,0,194175
2506,-0.28000000000000025,300,0,194475
2507,-1.0190000000000001,100,0,194575
2508,-0.2000000000000002,300,0,194875
2509,-1.016,117,0,194992
2510,-0.2200000000000002,300,0,195292
2511,-0.919,40,0,195332
2512,-0.9790000000000001,120,0,195452
2513,-0.16000000000000025,300,0,195752
2514,-0.0800000000000003,300,0,196052
2515,-0.964,25,0,196077
2516,-0.974,15,0,196092
2517,-0.16000000000000025,300,0,196392
2518,-0.929,90,0,196482
2519,-0.18000000000000022,300,0,196782
2520,-0.9190000000000002,120,0,196902
2521,-1.1490000000000002,250,0,197152
2522,-0.18000000000000027,300,0,197452
2523,-0.1600000000000002,300,0,197752
2524,-0.2000000000000003,300,0,198052
2525,-0.9450000000000001,46,0,198098
2526,-0.18000000000000022,300,0,198398
2527,-0.9840000000000001,125,0,198523
2528,-0.18000000000000022,300,0,198823
2529,-0.9690000000000001,170,0,198993
2530,-0.18000000000000022,300,0,199293
2531,-0.934,55,0,199348
2532,-0.18000000000000022,300,0,199648
2533,-0.909,110,0,199758
2534,-1.1790000000000003,300,0,200058
2535,-0.20000000000000026,300,0,200358
2536,-0.18000000000000024,300,0,200658
2537,-0.18000000000000022,300,0,200958
2538,-0.24000000000000027,300,0,201258
2539,-1.0810000000000002,182,0,201440
2540,-0.18000000000000024,300,0,201740
2541,-0.18000000000000024,300,0,202040
2542,-1.0850000000000002,186,0,202226
2543,-1.1700000000000002,231,0,202457
2544,-0.9490000000000001,110,0,202567
2545,-0.10000000000000026,300,0,202867
2546,-0.9490000000000001,90,0,202957
2547,-0.9390000000000001,120,0,203077
2548,-1.0020000000000002,183,0,203260
2549,-0.24000000000000019,300,0,203560
2550,-0.889,50,0,203610
2551,-1.036,97,0,203707
2552,-0.9790000000000001,120,0,203827
2553,-1.0450000000000002,86,0,203913
2554,-1.034,95,0,204008
2555,-0.929,110,0,204118
2556,-0.873,34,0,204152
2557,0.5679999999999997,168,1,204320
2558,0.3479999999999999,223,1,204543
2559,-0.93,51,0,204594
2560,-1.0010000000000001,122,0,204716
2561,-0.10000000000000027,300,0,205016
2562,-0.16000000000000025,300,0,205316
2563,-1.1250000000000002,266,0,205582
2564,-0.24000000000000024,300,0,205882
2565,0.8719999999999999,92,1,205974
2566,-0.9890000000000001,110,0,206084
2567,-0.919,40,0,206124
2568,-0.911,12,0,206136
2569,-0.14000000000000024,300,0,206436
2570,-1.106,167,0,206603
2571,-0.2400000000000002,300,0,206903
2572,-0.9770000000000001,78,0,206981
2573,-0.22000000000000022,300,0,207281
2574,-0.18000000000000024,300,0,207581
2575,-0.9590000000000001,100,0,207681
2576,-1.0730000000000002,194,0,207875
2577,0.5399999999999999,175,1,208050
2578,0.952,72,1,208122
2579,-0.919,80,0,208202
2580,-0.929,70,0,208272
2581,0.6599999999999999,145,1,208417
2582,-0.926,7,0,208424
2583,-0.899,40,0,208464
2584,-0.929,70,0,208534
2585,-0.866,27,0,208561
2586,-0.8990000000000001,120,0,208681
2587,-0.917,78,0,208759
2588,0.8879999999999999,88,1,208847
2589,-0.876,37,0,208884
2590,0.8439999999999999,99,1,208983
2591,-0.906,27,0,209010
2592,-0.8990000000000001,120,0,209130
2593,-0.924,25,0,209155
2594,-0.983,4,0,209159
2595,-0.9120000000000001,73,0,209232
2596,0.86,95,1,209327
2597,-0.919,120,0,209447
2598,-0.9190000000000002,100,0,209547
2599,-0.9890000000000001,90,0,209637
2600,-0.918,19,0,209656
2601,-0.931,32,0,209688
2602,-0.909,70,0,209758
2603,-0.9450000000000001,6,0,209764
2604,0.8719999999999999,92,1,209856
2605,-0.917,78,0,209934
2606,0.8479999999999999,98,1,210032
2607,-1.1580000000000001,259,0,210291
2608,-0.8990000000000001,120,0,210411
2609,-0.8920000000000001,113,0,210524
2610,0.8399999999999999,100,1,210624
2611,-0.899,120,0,210744
2612,-0.873,34,0,210778
2613,-0.8970000000000001,118,0,210896
2614,-0.9090000000000001,110,0,211006
2615,0.8399999999999999,100,1,211106
2616,0.6679999999999998,143,1,211249
2617,0.984,64,1,211313
2618,-0.875,36,0,211349
2619,-1.024,105,0,211454
2620,-0.988,9,0,211463
2621,-0.8990000000000001,120,0,211583
2622,-0.8990000000000001,120,0,211703
2623,-0.954,35,0,211738
2624,0.952,72,1,211810
2625,0.9359999999999999,76,1,211886
2626,-1.0070000000000001,128,0,212014
2627,0.6319999999999998,152,1,212166
2628,-0.909,30,0,212196
2629,-0.9690000000000001,190,0,212386
2630,-0.9690000000000002,170,0,212556
2631,-0.919,100,0,212656
2632,-0.986,7,0,212663
2633,-0.932,53,0,212716
2634,-0.897,38,0,212754
2635,0.9039999999999999,84,1,212838
2636,-1.1190000000000002,260,0,213098
2637,-0.879,40,0,213138
2638,-0.934,55,0,213193
2639,-0.9380000000000001,19,0,213212
2640,-0.9490000000000001,30,0,213242
2641,-0.9590000000000001,80,0,213322
2642,-0.899,120,0,213442
2643,-0.96,21,0,213463
2644,0.764,119,1,213582
2645,-0.9390000000000001,20,0,213602
2646,1.1480000000000001,23,1,213625
2647,-1.008,129,0,213754
2648,-1.0250000000000001,86,0,213840
2649,-0.9650000000000001,26,0,213866
2650,-0.929,30,0,213896
2651,-0.9390000000000001,20,0,213916
2652,-0.9610000000000001,22,0,213938
2653,-0.9480000000000001,49,0,213987
2654,-1.0990000000000002,260,0,214247
2655,-0.892,33,0,214280
2656,-0.9590000000000001,80,0,214360
2657,-0.9390000000000001,20,0,214380
2658,-0.876,57,0,214437
2659,0.8759999999999999,91,1,214528
2660,-0.999,80,0,214608
2661,-1.022,103,0,214711
2662,-0.965,26,0,214737
2663,-1.022,103,0,214840
2664,-0.9590000000000001,60,0,214900
2665,-0.9690000000000001,70,0,214970
2666,-0.9490000000000001,90,0,215060
2667,-0.986,7,0,215067
2668,-0.9890000000000001,90,0,215157
2669,-0.9540000000000001,75,0,215232
2670,-0.08000000000000024,300,0,215532
2671,-0.988,9,0,215541
2672,-0.9440000000000001,25,0,215566
2673,-0.20000000000000023,300,0,215866
2674,-1.1030000000000002,164,0,216030
2675,-0.9790000000000001,120,0,216150
2676,-0.20000000000000023,300,0,216450
2677,-1.0190000000000001,80,0,216530
2678,-1.053,74,0,216604
2679,-0.982,3,0,216607
2680,-1.0770000000000002,198,0,216805
2681,-0.982,3,0,216808
2682,-0.9490000000000001,110,0,216918
2683,-0.925,26,0,216944
2684,-0.964,25,0,216969
2685,-0.24000000000000024,300,0,217269
2686,-1.1570000000000003,258,0,217527
2687,-0.9570000000000001,38,0,217565
2688,-0.982,3,0,217568
2689,-0.9590000000000001,80,0,217648
2690,-0.9490000000000001,10,0,217658
2691,-0.20000000000000023,300,0,217958
2692,-0.2000000000000002,300,0,218258
2693,-0.2000000000000002,300,0,218558
2694,-0.908,29,0,218587
2695,-0.18000000000000022,300,0,218887
2696,-0.24000000000000024,300,0,219187
2697,-1.2720000000000002,273,0,219460
2698,-0.18000000000000024,300,0,219760
2699,-0.987,8,0,219768
2700,-0.9890000000000001,70,0,219838
2701,-1.0090000000000001,70,0,219908
2702,-0.929,90,0,219998
2703,-0.984,5,0,220003
2704,-0.9790000000000001,80,0,220083
2705,-0.902,83,0,220166
2706,-1.2710000000000001,272,0,220438
2707,-0.20000000000000023,300,0,220738
2708,-0.2000000000000002,300,0,221038
2709,-0.20000000000000023,300,0,221338
2710,-0.881,22,0,221360
2711,-1.0050000000000001,126,0,221486
2712,-0.18000000000000024,300,0,221786
2713,-0.964,5,0,221791
2714,-0.18000000000000022,300,0,222091
2715,0.9959999999999999,61,1,222152
2716,-0.18000000000000022,300,0,222452
2717,-0.982,3,0,222455
2718,-0.18000000000000024,300,0,222755
2719,-0.978,19,0,222774
2720,-0.2000000000000002,300,0,223074
2721,-1.032,93,0,223167
2722,-1.1190000000000002,260,0,223427
2723,-0.18000000000000022,300,0,223727
2724,-0.2000000000000002,300,0,224027
2725,-0.20000000000000023,300,0,224327
2726,-0.20000000000000023,300,0,224627
2727,-0.936,17,0,224644
2728,-1.036,97,0,224741
2729,-0.2000000000000002,300,0,225041
2730,-0.22000000000000022,300,0,225341
2731,-0.9490000000000001,110,0,225451
2732,-1.008,109,0,225560
2733,-1.1690000000000003,290,0,225850
2734,-0.909,90,0,225940
2735,-0.3000000000000002,300,0,226240
2736,-0.1000000000000002,300,0,226540
2737,-0.931,52,0,226592
2738,-0.20000000000000023,300,0,226892
2739,-0.10000000000000021,300,0,227192
2740,-0.18000000000000022,300,0,227492
2741,-1.1590000000000003,300,0,227792
2742,-1.1190000000000002,260,0,228052
2743,-1.016,117,0,228169
2744,0.9479999999999998,73,1,228242
2745,-1.1190000000000002,260,0,228502
2746,-1.0890000000000002,230,0,228732
2747,-0.886,47,0,228779
2748,0.6319999999999999,152,1,228931
2749,-0.9590000000000001,80,0,229011
2750,-0.22000000000000014,300,0,229311
2751,-0.982,3,0,229314
2752,-0.9490000000000001,90,0,229404
2753,-0.865,46,0,229450
2754,0.8319999999999999,102,1,229552
2755,-0.9560000000000001,37,0,229589
2756,-0.12000000000000023,300,0,229889
2757,-0.9690000000000001,70,0,229959
2758,-1.088,189,0,230148
2759,-0.08000000000000021,300,0,230448
2760,-0.9510000000000001,12,0,230460
2761,-0.9690000000000001,70,0,230530
2762,-0.2800000000000002,300,0,230830
2763,-0.16000000000000023,300,0,231130
2764,-0.9690000000000001,110,0,231240
2765,-0.901,82,0,231322
2766,0.21599999999999983,256,1,231578
2767,-1.1420000000000001,263,0,231841
2768,-1.006,127,0,231968
2769,-0.9190000000000002,120,0,232088
2770,-0.929,70,0,232158
2771,-0.9890000000000001,170,0,232328
2772,-0.8600000000000001,41,0,232369
2773,-0.8890000000000001,110,0,232479
2774,0.8079999999999998,108,1,232587
2775,-1.0490000000000002,190,0,232777
2776,-1.193,214,0,232991
2777,-0.919,80,0,233071
2778,-1.0950000000000002,176,0,233247
2779,-0.867,28,0,233275
2780,-0.9390000000000001,60,0,233335
2781,0.6279999999999999,153,1,233488
2782,-0.919,80,0,233568
2783,-0.8990000000000001,100,0,233668
2784,0.9079999999999999,83,1,233751
2785,-0.9790000000000001,120,0,233871
2786,-0.08000000000000027,300,0,234171
2787,-0.9590000000000002,180,0,234351
2788,-0.983,4,0,234355
2789,-0.918,79,0,234434
2790,-0.889,110,0,234544
2791,-0.929,70,0,234614
2792,-0.9390000000000001,60,0,234674
2793,-0.08000000000000027,300,0,234974
2794,-0.8800000000000001,101,0,235075
2795,-0.20000000000000018,300,0,235375
2796,-0.919,60,0,235435
2797,-0.20000000000000023,300,0,235735
2798,-0.18000000000000024,300,0,236035
2799,-0.9690000000000002,170,0,236205
2800,-0.9790000000000001,60,0,236265
2801,-0.872,33,0,236298
2802,0.8319999999999999,102,1,236400
2803,-0.896,17,0,236417
2804,-0.8890000000000001,110,0,236527
2805,0.8239999999999998,104,1,236631
2806,-0.919,60,0,236691
2807,-1.0050000000000001,126,0,236817
2808,-0.18000000000000027,300,0,237117
2809,-0.9390000000000001,60,0,237177
2810,-0.9090000000000001,110,0,237287
2811,-0.9510000000000001,12,0,237299
2812,-0.9510000000000001,12,0,237311
2813,-0.8440000000000001,45,0,237356
2814,-0.8890000000000001,110,0,237466
2815,-1.0790000000000002,180,0,237646
2816,-0.915,16,0,237662
2817,0.36799999999999977,218,1,237880
2818,-0.929,70,0,237950
2819,-0.909,90,0,238040
2820,-0.968,9,0,238049
2821,-0.919,80,0,238129
2822,0.9239999999999999,79,1,238208
2823,-0.966,7,0,238215
2824,-0.919,80,0,238295
2825,-0.898,19,0,238314
2826,-0.917,18,0,238332
2827,-0.8890000000000001,110,0,238442
2828,-0.885,106,0,238548
2829,-0.12000000000000026,300,0,238848
2830,-0.8470000000000001,48,0,238896
2831,-0.1600000000000002,300,0,239196
2832,-0.909,90,0,239286
2833,0.8839999999999999,89,1,239375
2834,-0.20000000000000023,300,0,239675
2835,0.8479999999999999,98,1,239773
2836,-1.012,113,0,239886
2837,-0.929,70,0,239956
2838,-1.0170000000000001,118,0,240074
2839,-0.9640000000000001,125,0,240199
2840,-0.20000000000000026,300,0,240499
2841,-0.9490000000000001,90,0,240589
2842,-0.22000000000000022,300,0,240889
2843,-0.9790000000000001,100,0,240989
2844,-1.1190000000000002,260,0,241249
2845,-0.9790000000000001,100,0,241349
2846,-0.966,7,0,241356
2847,-1.0690000000000002,170,0,241526
2848,-1.0910000000000002,172,0,241698
2849,-0.968,9,0,241707
2850,-1.0070000000000001,128,0,241835
2851,-0.12000000000000026,300,0,242135
2852,-0.932,13,0,242148
2853,-1.0390000000000001,220,0,242368
2854,0.9319999999999999,77,1,242445
2855,0.6279999999999998,153,1,242598
2856,-1.1490000000000002,250,0,242848
2857,-0.24000000000000024,300,0,243148
2858,-1.0250000000000001,106,0,243254
2859,-1.0120000000000002,173,0,243427
2860,-1.0170000000000001,118,0,243545
2861,-1.008,129,0,243674
2862,-0.909,90,0,243764
2863,0.852,97,1,243861
2864,-0.9390000000000001,60,0,243921
2865,-0.9390000000000001,60,0,243981
2866,0.94,75,1,244056
2867,-0.1600000000000002,300,0,244356
2868,0.9159999999999999,81,1,244437
2869,-0.14000000000000026,300,0,244737
2870,-0.9390000000000001,20,0,244757
2871,0.8759999999999999,91,1,244848
2872,0.8679999999999999,93,1,244941
2873,-1.09,171,0,245112
2874,-1.1410000000000002,262,0,245374
2875,-1.1090000000000002,250,0,245624
2876,-0.968,9,0,245633
2877,-0.18000000000000022,300,0,245933
2878,-0.12000000000000029,300,0,246233
2879,-0.9490000000000001,110,0,246343
2880,-0.972,13,0,246356
2881,-0.24000000000000027,300,0,246656
2882,0.94,75,1,246731
2883,-0.889,50,0,246781
2884,-0.1400000000000003,300,0,247081
2885,-0.9990000000000001,120,0,247201
2886,-0.1400000000000003,300,0,247501
2887,-0.875,16,0,247517
2888,-1.0790000000000002,160,0,247677
2889,-1.1680000000000001,249,0,247926
2890,-1.0690000000000002,170,0,248096
2891,0.8919999999999999,87,1,248183
2892,-1.0590000000000002,180,0,248363
2893,-0.888,9,0,248372
2894,-0.9540000000000001,35,0,248407
2895,-0.9590000000000001,120,0,248527
2896,0.3279999999999998,228,1,248755
2897,-0.2000000000000002,300,0,249055
2898,-0.08000000000000021,300,0,249355
2899,-0.10000000000000024,300,0,249655
2900,-0.18000000000000022,300,0,249955
2901,-0.919,80,0,250035
2902,-0.8990000000000001,120,0,250155
2903,-0.08000000000000018,300,0,250455
2904,-1.1190000000000002,260,0,250715
2905,-0.8990000000000001,120,0,250835
2906,-1.1090000000000002,130,0,250965
2907,-1.1580000000000001,259,0,251224
2908,-0.929,70,0,251294
2909,-0.931,72,0,251366
2910,-0.08000000000000024,300,0,251666
2911,-0.9990000000000001,100,0,251766
2912,-0.26000000000000023,300,0,252066
2913,-1.0310000000000001,92,0,252158
2914,-0.22000000000000022,300,0,252458
2915,-0.9550000000000001,16,0,252474
2916,-1.0390000000000001,60,0,252534
2917,-1.0190000000000001,60,0,252594
2918,-0.2200000000000002,300,0,252894
2919,-0.968,9,0,252903
2920,-1.0490000000000002,190,0,253093
2921,-1.0970000000000002,178,0,253271
2922,0.952,72,1,253343
2923,-0.979,60,0,253403
2924,-1.0700000000000003,251,0,253654
2925,-0.22000000000000022,300,0,253954
2926,-1.0190000000000001,100,0,254054
2927,-0.2200000000000002,300,0,254354
2928,-1.09,171,0,254525
2929,-0.2600000000000001,300,0,254825
2930,-0.08000000000000021,300,0,255125
2931,-0.16000000000000025,300,0,255425
2932,-1.0850000000000002,186,0,255611
2933,-0.16000000000000025,300,0,255911
2934,-0.16000000000000025,300,0,256211
2935,0.8559999999999999,96,1,256307
2936,-0.20000000000000023,300,0,256607
2937,-0.964,5,0,256612
2938,-0.9380000000000001,19,0,256631
2939,-0.936,17,0,256648
2940,-0.9530000000000001,14,0,256662
2941,-0.9550000000000001,16,0,256678
2942,-1.0070000000000001,128,0,256806
2943,-1.0190000000000001,60,0,256866
2944,-1.0190000000000001,60,0,256926
2945,-0.909,110,0,257036
2946,-0.1400000000000003,300,0,257336
2947,0.9239999999999999,79,1,257415
2948,-0.2600000000000002,300,0,257715
2949,0.94,75,1,257790
2950,-0.20000000000000023,300,0,258090
2951,-0.20000000000000023,300,0,258390
2952,-0.22000000000000022,300,0,258690
2953,-0.2000000000000002,300,0,258990
2954,-0.2200000000000002,300,0,259290
2955,-0.9390000000000001,60,0,259350
2956,-1.1190000000000002,200,0,259550
2957,-1.0460000000000003,247,0,259797
2958,-0.20000000000000023,300,0,260097
2959,-1.0190000000000001,60,0,260157
2960,-0.2000000000000002,300,0,260457
2961,-0.987,8,0,260465
2962,-0.26000000000000023,300,0,260765
2963,-0.9690000000000001,70,0,260835
2964,-0.9760000000000001,177,0,261012
2965,-0.964,25,0,261037
2966,-1.012,113,0,261150
2967,-0.984,5,0,261155
2968,0.972,67,1,261222
2969,-0.972,13,0,261235
2970,-1.0290000000000001,250,0,261485
2971,0.8639999999999999,94,1,261579
2972,-0.9540000000000001,35,0,261614
2973,-1.1710000000000003,232,0,261846
2974,-0.9480000000000001,49,0,261895
2975,-0.9570000000000001,38,0,261933
2976,-0.978,19,0,261952
2977,-0.2000000000000002,300,0,262252
2978,-1.177,238,0,262490
2979,-1.094,175,0,262665
2980,-1.086,187,0,262852
2981,-1.112,153,0,263005
2982,-0.30000000000000027,300,0,263305
2983,-0.985,6,0,263311
2984,-0.8890000000000001,110,0,263421
2985,-0.9790000000000001,60,0,263481
2986,-0.18000000000000027,300,0,263781
2987,-0.909,110,0,263891
2988,-0.08000000000000021,300,0,264191
2989,-0.9380000000000001,19,0,264210
2990,-0.08000000000000024,300,0,264510
2991,-0.9610000000000001,62,0,264572
2992,-0.10000000000000024,300,0,264872
2993,-0.9690000000000001,70,0,264942
2994,-0.08000000000000022,300,0,265242
2995,-0.931,32,0,265274
2996,0.8679999999999999,93,1,265367
2997,-0.12000000000000022,300,0,265667
2998,-0.931,32,0,265699
2999,-0.919,100,0,265799
